dates,0,50,100,150,200,250,300,350,400,450,500,550,600,650,700,750,800,850,900,950,1000,1050,1100,1150,1200
1989-02-25 23:34:05+00:00,-2.7745209285590064,0.6004727612792422,-6.065289942493038,4.840751434736248,6.699818559146543,10.05137499011976,8.932384238572538,14.27953643135151,10.00723847151574,9.35768890710962,7.614080758899675,5.493950477110644,0.7166774338165354,-4.053748138439367,-4.0580929460303,-0.1127098761403218,-2.232590830451251,-0.0554383049974589,6.597417629771627,4.270280943654136,10.783424908093622,6.993925536614015,11.732382964012857,12.94505008455912,11.318989892975653
1989-03-04 23:40:06+00:00,-13.720350461141258,-4.337823675383149,0.7875351865874975,1.962220406094751,3.9518279824461473,9.72265668569505,6.508084183127622,4.651153560130119,2.38495057628397,-2.274534225098712,-3.182832780446212,-2.9237500860344454,-12.86171971790387,-10.322503368670215,-6.184319764129416,-6.173326473660559,-1.1513615254234608,6.839313535884557,17.850237858101195,17.925505636880416,16.879532547478007,19.603562677315907,21.463415707225263,26.688777847299413,25.675296861678035
1989-04-14 23:33:20+00:00,-20.4399897152686,-13.05094476473822,-9.1856855768576,-1.109426181978009,3.243735157264055,5.1786322043320325,3.0628921661845894,4.429573022009819,0.7591982828147295,-3.467640414750356,-5.763220353242112,-4.843886887474177,-6.671750456743453,-2.688630805421454,-5.717919568628485,0.0,-6.752132113146423,1.569977483855169,4.361547406107391,6.691137386413054,-0.8185432309951466,-0.4070885066504033,6.769643791095831,3.43840146922674,-10.304893633474258
1989-06-01 23:32:31+00:00,27.925728766400304,32.85955680786321,18.88026533865417,22.33469091332654,18.932199013548782,23.26367525399632,15.500439231072534,12.91532370347263,20.211666398686862,7.814699710361296,-1.376280518731079,-6.2623645619945805,-2.9415377444829645,1.444728267394396,4.574215418483313,-0.505653861644916,8.03792043567983,4.535635387718628,13.323271287395675,14.42516366059538,9.593211663107011,0.7766331732298184,-11.208796433334918,-7.94109343131641,-4.723062813889598
1989-08-27 23:36:53+00:00,6.700391255266375,6.998816239675044,12.732965004484626,23.103989163794097,19.66757935754771,25.09037942522556,14.598206436440456,10.504328229916377,10.608267918518486,10.663975465485848,7.209542037100626,0.5784822462046577,-1.8246722350332831,-3.3554989906085595,4.141762979003879,1.91233987383626,-4.680674135335941,7.066857948913977,10.352052848128046,3.155017465617078,2.26915612670755,-10.548609155967888,-11.411471120736728,-7.656390263832911,-6.046779979314451
1989-09-28 23:36:09+00:00,8.24077251606267,19.814299163238932,12.986990717021058,18.399104686040303,10.869912276002111,21.288476770364795,15.959537387671643,23.00693088401492,30.398631603879394,,,,,,,,,,,,,,,,
1989-10-14 23:35:36+00:00,,,,,,,,,,,,-11.447367280211168,-10.930940951570133,-1.0639228126783775,-0.9136002526826984,0.1064873188594077,1.5404215627688205,-0.0189399787461255,3.241761010258138,4.257093465974954,3.171155082204756,-6.54263748197765,-8.326543117112593,-5.245017526769118,0.6462124278735928
1989-11-08 23:28:45+00:00,11.701111594124235,13.390618071836236,20.567746079342243,20.80765943327017,23.31888056548223,14.970250735531344,12.877699622737724,13.079271628362967,10.453549335311273,6.590758140989209,6.923351786546675,3.432404071357979,7.422833067334906,1.687959513108268,1.1260471490606534,0.6822789752727658,-6.759120651928939,9.23802972519222,8.261655684119198,5.461645637078952,0.2549471914596353,3.747694708247885,3.515154232508124,-2.736862788808658,1.8063106306068804
1993-01-19 23:25:57+00:00,-3.827591161010474,2.176882767089744,10.059489392459128,13.58312157619386,19.04061694017767,28.366242416157768,22.72810881727297,19.87292174223013,23.03667343916475,11.022721189074268,12.039343540267858,16.808038427233733,14.123200420122345,9.489702162332229,16.228096559786643,18.811675527035437,10.06827561250696,15.783736115975096,21.70122507727234,13.601766556168512,6.8203919809106495,9.671693774806153,16.25207233292211,16.500160233509824,12.062733448669029
1993-02-04 23:26:08+00:00,-12.270198131800145,-5.489110044700801,-1.5644266461199905,3.3626052752275517,1.9817523494373503,12.74912911720564,5.0967958849945845,-0.2147511817823755,2.4981677114365866,-2.214615735663891,-6.981877882664662,-8.738371436795966,-6.524867965210447,-5.912700062574047,-6.9318741184005646,2.1072200025317613,-3.1486788212448857,1.609468404638065,-1.6571740773979116,0.0286963872722267,-4.998150762007427,-4.764488988475058,1.20954392219366,2.8488149662371853,-1.6184548813785042
1993-02-11 23:32:22+00:00,-21.907680793944586,-17.949105273652457,-7.859827007131059,-1.052885436966335,1.9913988291954752,2.9685505982819365,6.109953516727742,0.3378048302724252,2.411295614285656,2.2063927713596314,-6.862971131930266,-9.15326553469368,-11.032214029036442,-24.444710271297502,-0.6206731415156099,7.65649036798554,0.3296336370154336,6.059419704206434,1.0075909580018418,2.7412666277064304,-3.565621464635022,-1.3273679494250883,,,
1993-12-12 23:32:14+00:00,,,,,,-3.5968735551452795,-8.399015450677059,-11.64285823706716,-3.210462323514271,-5.471366287364504,-3.517283130751956,-4.823503265902858,1.4941911801453287,3.834556794730588,-1.0842932322515253,1.29637933685067,9.777629802241684,4.740676470192383,4.434563409291485,-2.3377424751730445,2.431788803514074,-2.447812874711936,5.699829532192489,,
1993-04-25 23:26:40+00:00,-9.17483058422593,-12.72052240714897,-8.878889054562165,-0.295417345020553,-1.0729377738786212,3.8444591538963024,-0.6461254167325734,-1.2684371445952465,2.530908370322223,-10.642881963366122,6.379367100566185,4.2291462787920295,1.2075236442635529,-0.1965112821298618,1.0592239171817397,2.7728650831373827,-8.074232830293582,-4.7123295426350325,-7.893112085589607,-1.148362672608819,-1.0384693653189745,-7.02341059792289,-3.6178347303431977,-1.750722956362203,-12.673003394570244
1993-09-23 23:32:44+00:00,-1.0791377467176844,3.611945522333052,24.813572007760243,26.20853345978701,22.8854401195556,23.266737363857708,16.501623379878787,,,,,,,,,,,,,,,,,,
1993-11-19 23:26:09+00:00,-18.910037788549765,-6.898578269779712,-2.758284627016522,0.0203824623733908,2.0080068393642847,6.794043301739343,12.769412093583767,12.379593625496035,9.688442691583212,5.947822038234584,,,,,,,,,-2.021619967935088,0.7967460210295698,-2.697948595021046,-3.8924415494446976,0.5137628179823963,-4.704862056955626,-6.31314795482443
1997-02-15 23:29:20+00:00,-9.078032687457744,-1.1982788338659205,4.526812123593672,4.438671294735372,11.63355384000998,13.71987831444099,12.911369179137653,10.827537437750514,15.11700494381754,16.848772016307308,14.70726761133507,9.54267052290848,5.316474140993257,,,,15.39546702130275,6.912055836608303,11.236889265445086,12.850972796664635,13.634116249518058,8.976901490008558,11.365444610527092,13.13427813954562,11.967518932624102
1997-11-14 23:38:16+00:00,11.609280734747578,14.934997391309302,23.396111050173783,28.802155632229827,30.943332606053787,25.71678335291555,19.998344427035107,24.901652390979443,26.788096270809994,31.02573960209257,28.25530775111324,13.478341833987194,12.19892278526347,12.061942489790582,10.857470770274396,11.76841346922145,17.723187575638896,19.44248317360516,16.13984141688175,17.267582062671202,10.766421351825189,11.718231201829674,10.803123719926733,12.425446494891752,16.759289161697744
1997-11-21 23:44:37+00:00,-7.243485572800253,-5.0562665416073855,2.631135135197404,10.190780412015336,13.1548273162133,18.802497291656422,8.36891620261548,11.088362739125728,11.275181554717603,15.38644591142019,19.761771330909585,18.6634020028904,17.14243836926451,17.68835007244573,14.107503543281531,15.82633722375182,14.06034251518632,18.20666499733445,13.407635734387569,17.184383484941364,12.82964407712918,15.580696611303452,16.453581642146432,16.111027133006054,14.144556758064788
1998-08-13 23:42:42+00:00,11.032025646286634,19.491261617308343,21.830337698635788,17.944581090763165,21.898716551768047,20.492321000687998,21.360198445927544,20.870188062453664,21.516171228665375,19.30817226905542,19.56691843587533,19.58943777643543,17.141106697317937,10.95623870450808,13.411294006094955,13.617576009362573,10.251769873532112,8.358597242405665,9.907863702982254,5.479030836990276,14.256458262368533,11.01124086226995,12.38881870453681,1.5369467320020649,-1.3095150741988206
1998-11-01 23:43:08+00:00,-9.284617692566506,13.82588509184206,10.162419481410652,3.9038446956184094,5.380691588436164,5.837059657802293,8.568906188500826,10.675749632528344,10.206163930234176,9.649944252628408,10.637591529450075,11.325107060892831,3.62904316805394,6.319588708041536,9.497309586267988,11.12735941727599,6.7819393262706456,-3.970550989897461,18.24144014938085,17.279433021234276,9.63856867393978,7.371748497219301,10.701747300245486,0.8577062714502404,6.20039340932049
1998-11-24 23:49:28+00:00,-19.74973074583448,-14.380976030390052,-12.713131576311298,-5.85295949871702,-0.969556889759616,5.899392688817947,15.614540293788444,15.913697161305798,15.90691106358652,12.47376307352078,11.479281458115665,11.067369581832196,9.425593320361736,6.201955167828515,5.721210038067468,7.119201067678155,8.233601775969106,1.9884299568523147,2.9896206792373192,10.82720184178288,4.333200997723949,6.256227132092704,10.779187062351738,9.499703586538908,6.602010274379467
1998-12-03 23:43:12+00:00,-7.306854809127913,-5.634069831318321,1.098634843117189,2.2422697376889005,5.136749862663137,3.135111404019163,1.6411776891413936,3.857041162399703,4.953609138301864,-6.524538801236844,-11.619677812459784,6.00008994920325,8.29858173621556,2.5155999284656616,-4.122573122040997,-2.9830075537831178,-2.0493819495282395,8.984607496783411,8.498593487362477,12.51966777326394,8.393793046745394,5.820782113558494,-1.3912913389585526,3.229166059940944,7.349961665029888
1998-12-10 23:49:23+00:00,,,,,,,7.45292748330035,7.98949909180191,10.80684919349411,7.888496243356968,5.851927457758087,9.77846622305588,9.1188226624231,6.1198660623525925,1.622862819674225,4.174066510121591,7.150020944515958,3.0838024955653296,5.028970835003548,5.338352231861954,0.5963016558541909,0.3783252013516573,1.0830335890959972,-6.436160801941696,-4.180712059267734
1999-04-10 23:42:57+00:00,12.35770806120626,18.16937029418533,25.01988940423544,29.10100250621284,25.35102140607609,26.407037910865675,20.592343806695794,23.390858323609187,24.61535169999766,24.530320942072837,24.795849752808792,26.028885844801263,24.15857040263628,20.92729776778195,17.434135722930932,18.91891299811204,20.65612996967255,19.622231510471806,18.38793437429588,18.21339234845278,24.33632996896877,19.73384684162771,14.428119419700806,5.399927140974377,3.5843584461652966
1999-07-31 23:41:58+00:00,30.182678023085963,30.005091057270526,30.6817495049292,28.6834832473873,28.06928178730369,29.58581456115436,20.908975603534834,21.667148418677883,25.833635424346745,20.36376287506097,21.5047904389821,29.8770823483797,21.22055740304528,20.00884180443609,14.72831342164426,12.378310873636645,6.061474230820714,6.530873719023056,14.543137071464464,14.264547097142623,9.932119480296471,7.861209774392471,12.382378684061017,3.287504799170435,-2.936357164068177
1999-08-08 23:57:09+00:00,38.88292362988109,38.434891846675534,31.395412190905603,21.13105025271551,24.06133550153426,9.871035671489764,5.364162744276122,-3.0814769240944884,-0.7317828248709191,-2.486453451336061,-2.693825963171101,-6.89411836759151,-13.491836134145611,-5.169618992604946,-2.114345127786464,-7.367323655816211,-12.790121534534803,-5.963327190216326,-7.845140539874116,-3.888066433427056,-9.753549372142396,-6.107463285071169,-20.73354325449168,-23.50781629006604,-23.9010123820917
1999-10-03 00:03:28+00:00,6.45199308826831,-0.5117758866623277,-9.27076632493587,-2.1699143165315533,-4.010649630611951,-8.746537099111706,-5.981042479533059,-8.951816643737317,-6.195302791544748,-4.316651453284258,-6.594731543896749,-11.42968059479,-13.903306117069585,1.826837586881936,0.8281646684858117,-2.7315645360064167,4.8987066902489005,-2.0819288894942503,2.338869423793924,-1.055256176023967,0.3361393187782937,-2.387442024903088,-2.459148265923318,4.913525207542847,3.230663374168344
1999-11-27 23:45:42+00:00,-15.989831228743803,-12.457006073583784,-10.49842737465012,-6.360269862746534,-2.164134798204408,1.4150768426293538,3.622924906814525,4.366884499093132,-0.2284907920475447,-1.4429125475048965,-6.4307785281127465,-5.144896496946366,2.872553553928711,1.8380144105168483,3.3397147071803843,1.5681566211867164,0.0745137556442046,2.73283810224585,4.35232915503714,,,,,,
1999-11-28 23:57:02+00:00,25.40693312135213,10.025393394238542,-3.778910006566022,-8.07239846772653,-11.39104682471342,-8.553817553492237,-8.19958533217099,-7.253723955145634,-12.380580177280208,-16.149885601696376,-14.32834781140005,-17.288809324539027,-16.982049241444194,-18.49429169644516,-18.561013055072685,-17.553540800216133,-22.95299877384713,-21.33036854941852,-20.3804232885607,-18.16404338345556,-21.86948465434011,-20.90563166947729,-15.855763748946629,-15.997994676513066,-20.33414131034889
1999-12-06 00:03:18+00:00,0.0913376564757868,0.3015432603236689,2.153935157930583,1.2284940007552834,0.2432720482776247,-7.987085958972216,-5.78055473413761,-4.87601199283413,-1.1701997063269474,0.9129916236806466,0.3183692605756647,0.0506049632254885,-2.762835689067515,1.4169261050615771,-7.240352904749219,-3.382444107409292,4.718181403898761,-3.5444957900364145,1.3549722098665171,-3.624347838688024,1.7973171734672135,1.1750359339613894,8.465372736665365,6.99800197773812,7.191192606442328
1999-12-13 23:45:34+00:00,-4.753889975903213,-3.92864078702479,2.5219456596906937,12.447501886642968,16.5554456739722,15.582812929692672,7.180669779164056,6.4691945478185815,6.515880986723445,7.289156730156293,5.04303899219731,5.740672391887493,4.078028120750346,-1.887958248476302,-5.4206642571073935,-5.360953201736411,-0.9493001834698092,-1.0528267271770415,-2.0666418056909635,-5.310586538308549,2.085484071217316,6.2103141298644005,10.07348732976456,10.679877643578358,13.019054047587105
2001-01-01 23:54:38+00:00,14.314677241217318,0.7879285158579705,-4.750528192526062,-2.049361952308317,-13.193640093992704,-14.551054430851888,-5.74064797518858,-7.908470175673884,-12.206675794431678,-14.806748806410331,-13.102255034232735,-15.327573701366322,-16.531956803420567,-18.57385030844926,-17.444163432021117,-17.29738733440068,-19.709436073119264,-17.29979341886305,-14.436359922056097,-13.338393939587167,-11.492044847273505,-12.750826920558538,-8.291055146039312,-5.423341401811776,-6.942842841800726
2001-02-02 23:54:42+00:00,11.748078973861986,-2.2532572040178067,-16.66808207878978,-11.429582868023516,-8.646282111558577,-10.579070498100188,-13.077482897852558,-7.945959482393604,-5.425397244496423,-12.487450242451056,-12.608220207919173,-12.294620649304605,-15.90960860743604,-18.07684317734783,-18.312593514623757,-14.931783782600611,-15.679047285544016,-20.66558773426086,-14.556288050240829,-17.016790397998296,-15.679924548052718,-19.83299177374757,-17.74769025428202,-16.62346236915531,-18.912924736293053
2001-12-03 23:52:44+00:00,-20.87367675915957,-22.339636127649605,-33.83967957807898,-30.41821234655856,-23.046907572922876,-14.467027034679791,-0.4903973949283013,-8.357337892548063,-6.592959255728477,-10.723910080947022,-11.94985783478328,,,,,,,,,,,,,,
2001-03-06 23:54:35+00:00,14.44802983026164,9.23087923771262,-5.700055098108898,-4.5258260984644,-13.672076600762324,-9.912423453650398,-18.73959223436878,-17.423254554617753,-12.23970524010845,-14.59020191721804,-17.881865329276657,-18.50622395036735,-16.518389664965174,-15.014872662678346,-15.373928001093976,-18.428794809612192,-18.815142688805505,-17.284134235214662,-17.970493170199333,-11.76460150757868,-17.7429568084689,-18.942024079286,-17.304861681391998,-18.98453779714356,-14.881680691080206
2001-08-29 23:52:57+00:00,28.42261933758339,24.344216494211047,25.398328379998333,7.911898999136319,9.715070679487836,9.193550503318685,16.221964331468314,8.157443109768124,2.917102213093841,0.2636717457031494,3.96581679575398,1.283516194575455,-1.1606140397624998,-1.141040906334041,0.3607239437227676,-2.5511889870052613,-13.609101640282011,-9.891579617644524,-10.648549786750545,-4.1264603120119645,-7.533690209841261,-8.938275487053431,-3.361239353559256,-10.93084556206015,-13.193066708723508
2001-09-05 23:59:01+00:00,,,,,,,-0.5261384782230749,1.4491651607292295,-4.508031180826791,-5.453439217572516,-5.01267145239521,-6.802815046099681,-5.471019071580301,-1.810793935861689,-5.851018543474801,-8.729840033542573,-0.5506894794564232,-10.209125488560744,-6.620452326073391,-11.533735080979262,-6.004847416884459,-3.1113300173028904,-10.839745216160708,-15.737957381887917,-10.586974296429624
2002-03-09 23:53:10+00:00,13.01180025120447,-4.351965976067426,-10.099336071492289,-12.09598563970338,-15.538956090182111,-15.414820127292984,-16.20801069911455,-14.334931869166322,-11.352185585157873,-12.773002560928015,-14.82906320383066,-11.156210588951351,-9.382688337661095,-14.160356927724006,-16.086509684552382,-15.885762858109237,-18.662496448181788,-14.685193535311274,-15.112534736015116,-10.874394490661256,-13.830458484521635,-12.055673613876458,-8.089644275646897,-5.419234676269433,-6.792297163933291
2002-03-16 23:59:15+00:00,,,,,,,,,,,,,,,,,,-3.333593249522899,-6.832513378546857,-4.374033343053647,-1.3872480888172447,2.6820870785590856,8.950465909895506,11.650487638695497,6.685825679105442
2002-03-25 23:53:04+00:00,18.79357100900429,6.844229756713936,1.4097726616406805,2.007904397543406,-2.1296737794774288,-1.454774405307823,-5.192629176213586,-7.415664486576116,-4.743710647903367,-9.184047464197056,-12.39370775559714,-13.239812081063992,-14.050552368322716,-13.027422409553878,-13.17442916438772,-13.847236419803878,-20.85599350721108,-15.49191079355193,-14.2350768394717,-10.869060785210358,-11.122808364501289,-8.102628166093083,-4.728349342961423,-1.805587617406744,-4.399702562450607
2002-04-17 23:59:12+00:00,3.156256395029594,-5.217536890926105,-7.571467690307799,1.097997272135558,-0.8886406471389847,-0.1855545494028589,2.0955792868718035,4.911914921046318,-0.2506678679043688,-2.554864678993738,-2.4654597785788184,2.6650971369935945,0.3915849099817095,-4.847136513261916,-6.616414506263798,-3.674582354046887,-0.5783649270004219,0.8976747831878811,-3.26268676485774,-4.951671978434838,1.3296173315700912,3.721719357718904,5.202107249433567,6.750886940757887,-0.1800674844819951
2002-05-03 23:59:17+00:00,8.794507036807481,3.114233366292332,-0.1681115482059851,4.510392959381541,3.645326982073797,2.7417318081496944,2.6404469546810887,1.8845993156254293,-1.825984328272192,2.778604738908186,-1.1141053655518007,-1.1630312755809484,-2.82595378325491,-4.924213920942762,-7.997316542349999,-10.173573920879274,-1.5584635637357422,-5.560260741385079,-4.951395167830199,0.3825987685466927,-1.1597180281817714,3.3628758325637733,8.560316457220125,12.642783165250428,2.4949188720005324
2002-05-12 23:53:00+00:00,46.85293537379223,38.46685417481975,33.19550977381819,19.09487624503853,9.004291372984127,3.6191602678519033,-4.037440254276973,-8.434030037733265,-9.291442926924404,-6.199720371710811,-6.325447478569089,-7.630905883470547,-10.738597295141094,-10.069415163978311,-8.21390753940372,-13.91651638439138,-21.67353173360185,-17.190098199046737,-20.340069517941583,-12.123894472694612,-15.041929740020286,-12.20518683180586,-4.33792784971439,-12.124796003967312,-10.56124752171911
2002-10-10 23:58:01+00:00,-3.1185443645667448,-10.640006572413505,-14.31764693948525,-9.84882175157366,-8.500451646082311,-3.2570836154419283,-3.3220282122751,-1.213046004393199,-2.8016634118842063,-3.6480904476969727,-1.0151351968873996,-4.532809929127623,-4.390550518355553,-4.35430557096803,-4.995464487794475,-3.8672014259523273,4.054959591188549,-2.8504624949084345,-1.5318238441047,-1.7656666662103575,-1.9778043384493105,-0.4947006790176758,2.5975838082585696,5.520600919694395,6.198179281858913
2002-10-26 23:58:13+00:00,-9.951778283745996,-11.30602263893595,-13.344185237067272,-4.516146844997543,-8.816020629622145,-4.322952661381144,-3.4394650525326758,-7.436303481556322,-5.544932459614422,-6.515927425924566,-6.369668471663999,-7.77005559196477,-5.952900087983323,-4.011020720833066,-8.13691827331003,-10.054898798401751,-4.917121471513141,-11.023179533885717,-8.031145403438487,-12.46079288816027,-5.56045451563471,-3.3810747101373906,-3.173900490876072,-2.422416866893592,-7.044560219005952
2002-11-20 23:52:22+00:00,17.975775332345144,13.506349685214836,1.4399712549672614,-10.479742983405458,-16.165257989525173,-16.216782549431137,-16.106898548616524,-19.52914729829416,-19.26058086786385,-18.83125160055829,-19.97838742391516,-23.32030507207753,-20.528908497657632,-18.508438808331103,-16.22194788201098,-14.554478075769868,-20.283406372849004,-18.600125111249053,-16.83874039588957,-13.799753878592984,-20.50971219852259,-18.41689361087559,-13.42671863588572,-9.013550351764245,-16.366665790532323
2003-01-30 23:58:58+00:00,-5.765456392765287,-3.09396090837042,-4.794592181599796,1.3939148209468186,-1.1748685597934383,-3.799503327041549,1.6632132750578634,5.114457429784864,,,,,,,,,,,,,,,,,
2003-02-24 23:52:54+00:00,16.547008083423215,-0.4306938261486692,-19.124016118638835,-19.47167438960257,-17.182985185466535,-20.76105492814764,-19.83535225715936,-15.021503691863778,-12.372750715704305,-20.611682246701285,-18.97028638728684,-18.26395223845689,-19.131765930106223,-18.431715397090823,-17.68324982622562,-14.655931021061676,-17.303979365879755,-21.570705241933663,-15.258996744216269,-15.0456538489643,-10.575126016100256,-14.484112318218394,-12.434667848886676,-10.005081957073912,-9.278921782326677
2003-05-22 23:59:06+00:00,13.473456863153054,5.943112788308859,9.603818576025375,7.531052581997841,8.16095606369447,7.454620950666545,4.085730953107728,4.96775009988388,-5.579561754040871,-3.984386868308036,0.9209318829338002,-2.4989061784518043,2.740702903452025,-0.1068393103717681,0.2250348718632295,-4.207979447716564,0.3586865516950013,-0.0029257811661551,0.2677886831749134,-1.227413955166547,-2.188513802406796,-3.11192279353908,1.4770811063487912,3.3560519909703643,1.496458715836383
2003-09-03 23:47:43+00:00,0.5131435254656367,4.415880677120576,0.6433297490110235,5.569448311490845,-0.2827235207158551,-2.3515857601038235,-3.71712066798208,-1.888955321542369,3.4736417024289,1.121093643213953,11.50296334596004,13.61572260656144,13.6207959585388,13.370240196228233,14.654221176056636,13.453677723721915,7.516305703587982,-2.6302189996214054,2.756067466596619,6.175996481161171,1.9797868157742544,-5.036466860604186,-17.091197605682552,-15.383179272751777,-10.864925008361515
2003-09-28 23:41:55+00:00,-19.288547685780053,-13.93098995168966,-5.356367331361092,7.992802520121771,3.9025763530163142,3.940702897824586,0.1028918963962297,0.1889335553361135,-1.33033083955317,-0.6803868263387471,-3.623503122769307,-4.4405322870915285,-1.6817229918161305,-3.228650442000258,-2.7357117162885736,-1.0394213211284082,-8.662193102917346,-3.251859622464877,-6.51880614857113,-3.820276026659478,-6.623019134998188,-8.701464853059662,-7.564044639011186,-9.97832526541314,-13.908885353698976
2003-10-13 23:58:34+00:00,10.458652189939665,-2.3928464518497705,4.764692992272927,10.96675400071971,8.050578784968366,7.39721628713545,4.259064233681002,5.548967298358498,4.192069573821868,1.4550047645611954,0.0615553816498533,4.149815341453902,1.10725642584449,2.355351418042744,1.4612130731165678,1.8616355372930613,7.897902372745946,-2.5534015477056684,,,,,,,
2003-10-21 23:48:25+00:00,-12.866115519778283,-7.688335964761073,7.9898070166208015,8.266903627627642,7.502924589588531,-1.975176762893,5.816383039088514,14.632163875435836,23.54320812797686,11.607046171741445,5.594231290377898,6.972384618358653,2.475329030884197,9.153143061277603,9.111226612072947,10.885026408782402,4.238263252095763,2.524558441147626,7.451024643169056,1.788152975404543,4.772829915403165,1.7202068688379557,6.647836702922312,1.304310501148194,0.9975594080016918
2003-11-30 23:59:06+00:00,,,-6.708936869320141,-1.5627966419654626,-4.37086564936314,-10.52225551074962,-8.883283420760918,-6.99139493548655,-5.3941455672066105,-4.263107450948283,-9.64876003852146,-13.55994920065233,-15.87254092742841,-8.154546198091015,-8.566902508450742,-5.08669944242898,-4.323891802861354,-7.027324911040935,-5.487845109232396,-7.427146763973248,-3.330987251492658,-5.936355467250976,,,
2004-01-09 23:49:12+00:00,-38.90316436326884,-14.613089755510948,2.9970917930402408,12.284049265665928,16.860959063361776,8.098705089469576,10.818064837824297,8.102579634880449,8.7952908086651,7.946888278217216,3.204105402447439,1.0711973702369877,-8.180375430187603,-10.692233858603494,-5.757118654929659,-13.057127735074475,-16.147763719254574,-8.376323335999047,-3.288164569374082,-6.216903393457876,1.9726823969316167,1.3715345099081873,6.924155956595158,6.695877593867969,7.090651531114986
2004-01-18 23:43:02+00:00,,,,,,,10.874504519656014,8.962215446794431,8.366353407880922,7.165959361043903,7.956127451924409,7.377881390641932,6.0351376865133375,4.067732855845691,4.81339628954909,4.163971141132713,-8.119409548725862,9.309923394962752,14.30250008091508,5.805571295273772,11.879943225004132,11.18085147072658,14.384911024421612,13.557703240543823,14.007288407583829
2004-02-10 23:49:19+00:00,-10.495483499723528,4.009690434020023,17.94670682502563,16.00621669916947,-2.909198056100479,-13.378900002961654,-2.7753935413719617,-2.6346042897472515,-1.7383573174830644,-2.049522358934695,-3.01877578235721,-3.6087194409213055,-6.474011843064893,,,,,27.94245236299844,24.28453995638293,24.70270102691168,29.09809107334088,12.03557141415004,14.870066679621472,17.66623754791093,15.945562520206792
2004-12-02 23:59:33+00:00,,,,,,,,,,0.531358633547768,-2.301644131206963,-0.960771431641156,-3.3746604981621857,-5.834839700742158,-10.385434951031044,-7.224262990083552,4.013035333194388,-4.61552456404052,-5.668236508391786,-6.1989341620855285,-1.187868473894916,3.5143726578779138,6.967653103762579,10.31754933752483,8.283362745957618
2004-12-18 23:59:40+00:00,,,,,,,-12.866945989358191,-9.45777128524179,-6.864777488982341,-12.69946384522384,-15.933434753812032,-19.159569636056617,-18.10442974573873,-19.966319580258787,-13.402896116683747,-12.83068725227808,-13.462490497442602,-16.60816323034539,-14.331299772581543,-16.403291476137227,-8.841796337950989,-5.067606253018582,-4.053661247824088,0.4135433582414691,-8.50350293852528
2004-12-19 23:50:01+00:00,-17.29001933731191,-16.555115295519222,-11.997610131961268,-2.437412919483741,-1.1161764566054655,5.277274553583744,3.909801429260611,10.124974079272612,11.051505783919524,2.950324467983421,-2.43193750585548,-4.441324109442711,0.8068014409256463,0.3256785847724686,-1.6982577534869847,1.227495069723652,-7.06852087315302,-3.5354657906230926,-5.690265013809331,-2.150748565897338,-0.6093097067036837,5.250984329435312,10.538426380407806,13.514808049461015,14.395050622476546
2004-03-06 23:43:17+00:00,,,,,17.248048544077974,8.777841918579355,2.241846533518725,0.2035125946635432,5.874548667066989,2.6939643025553863,0.3725369185480076,0.7452928091094151,5.667385856502435,6.740794853650343,7.1081210544205575,8.41239272211029,8.98571575934487,11.246621265613427,3.677954015748682,8.746266349375396,9.654775980218048,12.039160394494251,17.60691694577521,17.433299896315525,16.650379103358333
2004-03-14 23:53:30+00:00,,,-8.835736035663963,-3.4053009546179496,-6.583640860287339,-8.877829341662213,-15.240021876482317,-15.652113867382392,-9.992998555428011,-12.07140773033032,-13.95099498068958,-15.324992647685267,-19.110058779432315,-18.211144520017065,,,,,,,,,,,
2004-04-06 23:59:40+00:00,,,,,,,,,2.16485752514739,-0.9305546425903586,1.4550147789754604,0.575121431521346,-1.3921789200799992,4.416856595217986,2.785280380016637,6.773855750759552,11.374181928103674,0.7356413434797702,3.748914416866718,1.90671252712572,4.306807570696293,8.571210451377887,12.236529009138486,13.782263440347435,7.194938294783043
2004-06-17 23:51:57+00:00,-0.1646661283958224,12.76212818069299,26.73177833624977,26.780283751273743,14.134311756182186,28.547112764444016,21.493112821872764,12.03577245108449,19.1724682690422,15.921071722608922,16.755883340594977,5.23014400440762,9.243438289067347,18.95524575810434,15.914739666069435,8.288280753407221,0.500903865012873,6.938200010171897,12.17055642689776,8.715864518193044,12.753796992376811,9.129382907671214,7.970552057445161,10.958299808529205,-2.4831041291546327
2004-09-14 23:48:05+00:00,-5.715453062088642,-3.484754719518932,-0.286971168884861,-1.681232498087958,7.430549136593868,9.260533319945791,6.011028308163937,5.159972781815625,9.54152833718451,7.085860361295445,11.222043194359308,9.24244114084012,4.210036115691068,10.229852748885897,7.865289783045355,4.0173513149358016,0.4524386021911013,1.4837363778686452,-8.259361781974675,-12.673342199595696,-8.713275439115776,-6.816570336070441,-10.957470907007142,-13.86226097952018,-10.36005689957414
2004-09-29 23:59:01+00:00,,,,3.934770400274978,0.2373630600030409,-2.3871301879764744,-6.299248862915377,-12.779674023820052,-6.563440089432572,0.521224929223628,-2.6219287112772847,-2.430632271355158,-6.496776055441693,-7.072396230963626,-5.7337991398002615,-8.98411433466542,-7.653887699131587,-12.992906114869008,-17.054217162649955,-14.851373924137782,-17.962149342881837,-23.023878065935538,-16.88722177547662,-17.915250757242163,-17.577266694060743
2004-09-30 23:48:27+00:00,-17.522120475393343,-13.334366591146605,-8.776909925118773,3.683063691906426,1.5664170966071893,7.6431903412690545,3.849322251926303,-1.7602693945744576,2.2428812747950104,7.319221002119178,6.357928221694223,0.8756480439955894,3.152725258142219,3.063686111623248,2.3748895094905578,2.6274965169341518,-2.321464854249271,-3.178573122592674,-5.601024509980277,-6.6333259673111655,-9.55411663093986,-8.514300198848161,-16.075913669908203,-17.342918816662333,-11.376603396947049
2004-10-07 23:54:46+00:00,-17.89352408832798,-7.844578620266759,-6.887411855629317,-5.545840185161865,-5.21464403244309,-7.756047191724896,-6.07551023288913,-1.271116854449822,-0.7316759136523672,-4.891598064555467,6.898555706875442,10.547223792484914,9.591492463692228,6.695581163278455,6.857929721286084,-0.3726931237312669,3.0761962906463367,-2.878007759460594,-0.3203751248317132,-4.3452229750525575,-7.641751397620446,-5.362676222646307,-9.452549750459568,-13.704347607919653,-8.839302301369443
2004-10-16 23:48:47+00:00,1.1405786085873757,7.459800120469531,1.886522808180807,13.17414738754536,15.991172500178052,17.9600578693954,13.10723432397527,20.84238694504821,15.76433636760845,21.489094012870098,17.584983283497216,16.805975093956143,13.892350785147777,15.44288006277494,15.062607270450854,13.542825048733157,6.231930764268348,9.059585107876837,10.722129386222528,10.448223174278766,3.155946242832343,3.490851972779609,8.333156582381484,6.4482583262026765,-1.666332084873318
2006-01-23 00:00:22+00:00,-14.24259934286517,-13.055648082317797,-5.35473101253335,0.5402638137843638,0.3956574850049179,1.0767605751510558,-3.124548125215909,-0.8113284861209635,1.624416576320698,,,,,,,,,,,,,,,,
2006-12-17 00:05:07+00:00,-1.313198716521903,6.815821834543407,12.082791238735735,11.389849154063874,14.163907421499276,19.917902496947548,8.5194287851915,11.015980056852229,12.071337667185505,14.288395858002666,14.19495158157278,5.137566672265869,7.817741994514918,1.264468678019142,0.8408193926865977,4.1068449096469095,4.97067436548695,3.1954016448420006,6.425821324398036,5.196638613681316,4.711779256392994,6.114896315780683,6.680069561429775,8.679194056425402,9.450066832148934
2006-06-08 00:02:54+00:00,11.999977575169318,14.83181456638787,14.298168425288097,20.538053480999253,12.559569914494787,12.482585619673308,21.05624171822305,19.124565941507605,21.01187414809485,18.373974247430624,18.7688886296516,10.16242815185086,15.688922341927146,11.320053222029289,14.127994591332524,10.348590662019866,6.001920120670079,-1.9466425721974048,-22.45911435959692,-12.165326167062364,-1.1235015774076231,-13.07076003617967,-10.09728188300339,-16.560468188412216,-18.121283231586258
2006-07-10 00:03:23+00:00,17.049269243796736,21.70105708919045,23.695025790512545,16.973252213286457,23.022215257736008,19.75226201394536,22.37656148581975,18.61382571243135,8.710177811652287,13.5228482359828,14.511211401726868,12.76478839398753,17.310721894849358,25.081766440090757,18.92242815296889,17.620435461021657,12.486937790670638,-1.5656708325199844,-3.8580770168873713,3.35248212477196,5.646387277207815,-4.432309224090048,-17.505851407429105,-5.59877766939578,-10.37320710822685
2006-08-27 00:04:00+00:00,26.97831494335121,31.834377676498956,37.8617806853497,25.48682648558564,20.210965787052103,11.292887854988416,12.743895150575412,6.997935572224506,10.631001736327654,16.023406528317416,11.786053721448743,4.323996199742759,8.386943190829243,13.289349604470909,7.20181633931044,38.77391437260021,25.12283051222209,31.23083263041137,23.636324748801822,22.181144114834037,20.901404262095227,18.436678860996626,14.029187033170984,10.859729637319845,11.110224171025571
2006-09-04 23:57:56+00:00,18.91439044808505,22.768275009137632,21.50319424953311,31.710277742258967,28.331463039227444,26.966072647488154,27.092772317968866,26.328296908691108,23.84254969483436,29.11963147344379,28.10663286186545,18.799809651918096,22.545759051748057,20.61764726383888,18.404555674406723,12.813706651200128,16.976101346478202,18.1863716505027,9.9316942886514,10.313522207313518,6.455761152181289,7.258066338249442,0.4019471744924914,-0.6184912550649884,3.2885125845576653
2006-09-12 00:04:12+00:00,17.601166348562394,23.010211755860475,21.142542835856915,26.56222140156379,20.29417424156925,22.695188954625387,24.97318189076965,23.909241411009692,25.496351632854783,15.898640749653635,7.343191251537988,6.2306856161828605,8.003665511504991,6.744185237938275,5.245778544134836,2.856955793134972,10.955465026252398,4.802667997624447,4.030332473782266,-4.510516773441943,-4.89152271021328,-1.633246560320167,-1.3231534912907748,-5.780556473918075,-2.4101821700290955
2006-10-06 23:58:18+00:00,-5.25327699571681,3.571266089756996,0.078342203386363,-5.767631731993305,-1.9214490065079204,-9.422955534110471,-9.159727047975718,-12.853874585500044,-9.638136054718714,-8.807531807108866,-7.333778582511911,-7.154601555530057,-9.42786760129302,-3.578753613634781,-5.362011256069422,-5.823152305400331,-11.82580089506245,-3.726610221391845,-7.398062438132044,-13.37831510508396,-6.397669911914967,-17.016276716102446,-16.52286377686505,-16.308572969245276,-14.305219859508345
2006-10-22 23:58:27+00:00,13.049946997478608,16.967259644505766,24.49184255647469,16.89730680009596,7.88931710263482,10.044490135814137,15.018725341165691,10.092081144972587,7.1596485324396255,9.16779036805918,10.48114311599064,6.649420045031867,8.004266018606486,5.482557500481569,11.942960419830058,7.277398751378989,5.31601658004751,12.09458474026406,6.205534743380603,3.894048782655077,0.8834013840136521,0.4962777265645712,6.748220826805202,-2.89993778754981,-3.708938697032032
2006-10-30 23:53:59+00:00,,,,,,,,,,,,-9.529213249738262,-11.429919863826347,-13.746769880890035,-13.400089634467662,-13.261085122987396,-18.863225573913837,-15.694588118807092,-19.19241323154405,-17.550382835293796,-21.11618347400782,-24.7352802407827,-22.363763586882595,-18.72502050519089,-19.41663168342553
2008-02-22 23:54:29+00:00,16.87368368769817,14.177694573106358,-0.1923804504694501,-12.7752480355295,-17.632321211632977,-12.717521280059133,-7.979658050175747,-11.484519090064286,-9.058751413918362,-22.404692268967704,-24.916645477569396,-22.654834929220694,,,,,,,,,,,,,
2008-03-09 23:54:23+00:00,,,,3.0085485549004574,-2.3576382236567994,-4.547592618772704,-4.181341654689142,-8.716335300492531,-5.028035797177495,-1.4834841034023754,-1.0208988914779198,-4.442560840333115,-9.083684277496488,-8.910925586582884,-4.896975982710259,,,,,,,,,,
2008-04-10 23:54:23+00:00,15.52592554794102,1.0505480551005704,-16.36673797007461,-14.149683921728432,-16.244038815517065,-20.6148003943323,-18.67538735577603,-19.859058552207745,-21.59265312173341,-22.900185737428973,,,,,,,,,,,,,,,
2008-04-18 00:00:33+00:00,,,26.70284670334334,24.52348447602354,24.843970200891164,22.906419333196474,14.206182872823724,11.372516671874848,15.806737998981518,12.812896142973912,10.56501205724755,17.664625417307235,13.653024540675863,12.93144428795948,9.408243429279295,10.584070658628796,10.1513992295707,9.153520793759055,11.255540803607571,8.402605630279865,,,,,
2008-09-24 23:59:14+00:00,6.957572814593078,4.798188122096896,1.314873615860506,-0.0203824623733908,0.5344221405483651,-4.9028485026081015,-4.87016208475611,-11.275105313170284,-6.536523146251103,,,,,,,2.060799237389709,-2.791068689328611,-2.9563318056747647,3.2367492689576096,-5.761831901558004,-0.2938829157670355,-8.389742156747808,-10.308468346829905,-3.073643870010706,2.3287994062634567
2008-10-11 23:48:27+00:00,12.691710749207664,8.539712555604659,6.707933198785568,18.32537517238353,29.07151866541959,21.631347035403387,21.47950238149739,22.51704835053945,20.929477653078195,17.98077014254745,19.776226686116345,17.329077691459652,13.015782762957215,19.81089932074611,17.178931747493046,10.845461857290315,23.458503302022827,19.418402270963007,16.834155961493146,14.475998506955314,10.739428276514104,12.75731286394486,8.423496581331996,7.100739320157743,18.260022012341565
2008-11-04 23:53:15+00:00,,,,,,,,,,,-19.528150221128293,-17.97739456323634,-19.921141921983384,-23.34877827689518,-22.77662102638488,-20.85983378681738,-28.813101749026952,-24.017601142068177,-25.545246925624543,-23.79059412981223,-26.198902791218988,-24.05815093694832,-27.215887544781754,-22.825493769567107,-22.911333201740597
2010-02-11 23:56:07+00:00,,,,,,-1.390862579762178,0.6001257459022185,4.187246169296103,3.138045281619789,-11.422818765680312,-14.08837771533664,-13.574830341407637,-12.033806307987447,-12.967712757330965,-13.588429624240938,-6.972206535175019,-13.36430665931427,-10.695090460736964,-10.748191384982434,-5.17888243571619,-9.641294572921808,,,,
2010-12-28 23:57:23+00:00,-11.656670086594032,-17.631325136554715,-17.260367055147576,-20.18467904723973,-13.720447736207513,-16.256570305479226,-11.008552451370951,-11.489531146124762,,,,,,,,,,,,,,,,,
2010-03-15 23:56:23+00:00,36.63086167331303,28.180397277910565,19.58938038595916,14.874014880534403,13.564871718345444,-2.80587260765693,-7.119892283126461,-9.356269893381684,-4.834965106266584,-0.987696638073821,,,,,,,,,,,,,,,
2010-06-03 23:56:23+00:00,,,,,,,,,,,,,,,,-11.8492011544659,-19.41094321076301,-15.613805666877395,-14.071504467562155,-14.30506621307028,-19.98448605175907,-20.887104284885293,-20.506809036872347,-31.705168303697977,-35.23988898083184
2010-06-19 23:56:24+00:00,,,19.913333451194248,11.514986225972194,6.453633380259461,-2.358745103551648,-1.9024398588695988,-9.745373507465413,-10.24929844258552,-16.195231542706356,-13.212900338667406,-17.095036707916318,-20.364128948503872,-34.792254625314015,,,,,,,,,,,
2010-06-27 00:02:36+00:00,39.01238821823923,35.94147695954877,38.35289299801445,27.808107467539077,27.046566315594305,19.1690667463425,15.590804150819553,12.81434532786519,5.614012997840639,10.147794974786926,5.745800182155811,1.4817386455556232,3.8119713268043256,,,,,,,,,,,,
2010-07-13 00:02:39+00:00,,,,,,,,,,17.28029902286911,17.633261211731003,11.065243910587029,8.007194948020071,11.940206385277946,9.534753185933262,8.39939658786956,15.327009140768723,6.02914657177525,9.2393408842457,3.9491226027637865,3.543995991372228,8.369367109613592,-9.170375311027918,2.116613662889023,2.1364636719363617
2010-10-01 23:54:20+00:00,6.848011143849924,7.515742918695714,10.183468428307052,13.751646021033013,16.111758370782326,11.70007878466324,6.821381399624428,2.8469250257045005,5.353609584146916,5.3486672192934535,7.005715682330695,8.392374590789629,9.2861247201568,4.820651890979448,-0.429384633478989,-2.8236187698642112,-6.783367123981726,0.5160626135581907,-7.533148072171116,7.0249948549036745,1.577292248643403,-0.6578434553043593,1.0243528094376655,-14.98691584453423,-10.704292643240407
2010-11-02 23:54:05+00:00,-5.89161406487365,1.7251443731929823,3.300204390826728,4.966436263268065,12.11887282064437,21.75077040590105,14.860889094063602,19.08933461879559,19.790151588974997,9.363604827848398,10.76606166111648,17.74944304910381,17.51717416816834,10.077998616979862,7.650914682004171,13.097633534801789,7.644235578332648,8.451988287795075,5.200234524495357,16.865961112217448,17.10955280887962,10.850060497383405,16.384598793076435,15.069334259436149,14.05174970831684
2010-11-18 23:54:03+00:00,-3.528335788145945,3.606306675573144,1.288492021460499,13.5814060882402,8.88865832232409,5.0805460025368205,8.798308207658515,7.78633218855304,7.913826490172994,5.880324603622817,4.589146155774387,7.871770800731511,10.42216029329228,10.916208019044175,7.697760364930133,3.5613690426303397,3.726540497379112,7.616932353047218,3.1021698690641486,9.75334602586657,9.013240360074056,8.303439672035502,5.127647023573204,0.2328480378346356,8.159283671683198
2012-02-01 23:58:19+00:00,,,,,,,,-14.971592293831492,-15.193348893385966,-23.880417222040585,-20.301032043628425,-19.406311067646868,-20.429215156499723,-22.48235218498936,-21.676111466806876,-20.68090576292724,-27.41193857595385,-24.39635709653058,-29.97086753218887,-27.672367913300448,-29.885650913831576,-27.974067895906337,-30.040498402907264,-28.815341310540862,-21.01581459041295
2012-02-25 00:04:34+00:00,,,,,14.41073872192571,15.40546747038914,11.55396866997686,17.280473540077168,18.464205557714077,12.564320176701038,16.1369946398163,13.581239388994533,2.220613086466116,6.657926224826227,6.187075305338105,3.406251772374155,8.951779593426984,3.132728708488329,4.436828937202499,5.62021462616341,7.827476700094152,8.759324941593299,11.0881380918075,13.938816430701308,16.858514527594707
2012-12-09 00:06:27+00:00,,,,,,-2.1819042140959297,-7.24881525093862,-5.148736146671364,-7.306771015851783,-10.120580045186763,-7.538858179819698,-5.381030633582633,-3.1016157305932026,-12.147173832988614,-15.230352460137844,-14.633843684348768,-12.24826337926865,-12.485322190337598,-12.33701845125831,-15.44905025302068,-10.545849849621304,-10.3389096537894,-5.366927658078062,-1.7699341601790408,-2.1184839095250823
2012-04-13 00:04:29+00:00,6.441734514999169,-6.630232795840144,-4.34265955124642,-0.315231791724095,-0.0049442079658987,3.238679504960309,-2.951514908126825,-8.873632211729362,-7.2617175268426095,-10.24139536964892,-8.936259474491067,-7.306740653259879,-9.878994773739135,-17.64428537414184,-16.897704766255615,-17.413486665048787,-11.930281487265813,-16.49535971931026,,,,,,,
2012-08-03 00:05:24+00:00,,,,,,,14.517779682541793,13.353872937607768,11.065772387343443,10.652964094902991,9.188613404656005,9.20946379470849,12.75254489450554,14.249362428045067,11.683240875659273,16.269210908209885,13.625746046628194,3.9058278812325753,7.85538122303678,-0.8887839376364184,7.848207220142349,-7.599734425831883,-2.7025746174731893,-6.263209557209123,-1.015465730621628
2012-10-22 00:06:14+00:00,-9.38011459528505,-8.35102271484645,-4.824011311137774,-8.56885721226184,-8.802295297615878,-10.85686667928763,-4.573934597131604,-6.6974915001792965,-5.644667176757473,-9.002361800963776,-11.21812257354322,-5.887534676713685,-6.475209584445778,-5.82551506693418,-5.991296104433953,-7.937352541790315,,,,,,,,,
2014-02-06 00:11:25+00:00,-20.216371389700303,-21.213960778295267,-24.218684850883136,-19.594453777388537,-12.791711585233166,-7.6692727109617636,-5.948298482308445,-7.014060442293719,0.4625182512112502,-5.802970832451564,-9.271182010480338,-4.584293498518022,-4.8330089873214135,-10.595217963161694,-13.464150667720332,-4.80038794028594,-2.179906806121956,-7.672431005226045,-6.819165247586525,-1.4164804350446616,1.5799719002018549,8.673972276992288,13.23580648816344,20.87242054795957,23.857916677614995
2014-12-15 00:08:54+00:00,,-12.782355290302952,-12.925937220344116,-6.259650236085236,-3.249037913687417,-6.0064057842870895,0.8308676975831162,0.003581698523547,-6.502173329192971,-4.602583637275288,-9.663170652366505,-6.752866963782935,-3.938389121467985,-6.7132333544054745,-6.753223585710458,-3.3264255251380845,0.8064325034534505,-7.459187083174449,-5.266250223146102,-13.026987170858796,,,,,
2014-03-11 00:01:04+00:00,,,,,,,,,,,,,,,,,,-20.98471886268433,-25.39418873445796,-19.68151795660028,-18.281348490785117,-17.652470493139326,-14.96596637266299,-12.765246097250412,-14.698414000258602
2014-03-19 00:04:42+00:00,22.041075985423028,5.317040060939256,-1.0797397881649005,-15.340776007963058,-10.374224688574117,-7.950996146777143,-7.817621752681177,-11.545496132522953,-10.992945032021323,-15.67638295524378,-15.4642904263702,-12.199949037187054,-6.677183384288931,-10.519311036995743,-7.684307973632848,-7.930393455001418,-13.874293792913328,-12.846066273241632,-10.179303006252027,-9.885085140610652,-8.713223733069938,-7.898394673731204,-9.553591433325131,-5.128705212011731,-3.740595957728303
2014-04-04 00:04:26+00:00,6.581956558582085,-3.029337693688042,-4.24313690062003,-17.77358187160077,-18.394449408950194,-14.29300893519506,-8.49625995287283,-9.79572255566574,-7.395118760656899,-9.699665012355643,-11.418442482618865,-12.990032296533036,-14.586997021265226,-14.848047093217993,-8.292760338771686,-8.431761116472977,-13.154889076881574,-15.217938397672167,-15.622579547255,-15.230030556177816,-17.676719790890427,-13.25352998791503,-14.97055847739049,-13.3658024974266,-11.357157319344772
2014-05-06 00:03:53+00:00,10.15749580545566,-0.9853202011553392,-1.4330528276100836,-6.831112841457099,-3.885440266185107,-13.472621152993987,-16.678378208508455,-15.660409639040504,-19.310057332099447,-20.468036844816933,-13.791030710873542,-9.074463136787912,-13.624336581173472,-16.72191677320928,-13.274687319812903,-18.136574784076245,-26.747630153898683,-21.41734293861912,-24.83832942346837,-19.601856437883203,-28.06241079078243,-22.17595954548871,-14.027043854033472,-10.316003303395137,-14.02484666214054
2014-05-13 00:10:00+00:00,,,,,,,-16.327995423448495,-18.51426133399008,-17.212398044836736,-11.30963126412027,-9.094384696628865,-12.305169667534656,-12.031030947171992,-9.758246468425664,-14.921391833532908,-25.906457223568037,-25.20936919083744,-19.24100394537942,-25.7235023411306,-13.03754937894576,-13.59168724205361,-14.950777924687642,-18.60984659452372,-9.415391479875764,-12.900946339583797
2014-06-06 00:07:50+00:00,13.867163295862404,1.358828310330658,9.586742722492374,1.427594839404243,-1.9958038927434172,0.9369131082491364,-6.348887109326206,-2.52794620747828,-3.509599841370843,-5.589944899167541,2.6792476826127185,-2.2799694488368587,-13.930730010662128,,,,,,,,,,,,
2014-06-22 00:07:52+00:00,23.539030345741303,21.90737694125398,21.7778686692036,16.22995114970115,19.95143179746249,11.832421342712273,10.357978052248775,8.974713330880029,4.76616168209577,14.91013347329286,16.02631640569669,,,,,,,,,,,,,,
2014-06-23 00:03:58+00:00,18.273690495369785,27.774814019313347,29.440070978520183,13.751000065934091,-3.1686898739202647,-4.973036242408234,-22.17031180856841,,-29.35745655693188,-24.62021224678916,-25.36762139172941,-25.64893027818904,-19.945709959245768,-19.757489390603677,-24.41164633486367,-22.746898667003077,-24.920850232635196,-22.44278136858621,-18.2951011067546,-12.961190238355606,-17.876017647503563,-15.945739255042632,-16.013968603809275,-6.26241551837456,-8.856024869367467
2014-07-16 00:10:18+00:00,14.024120777780418,2.4623714896051823,6.660308282277157,6.198128448424875,12.163493618467356,5.487666343872476,5.550612824836904,1.4370088769528024,2.767423909324968,5.668793232578544,6.764940221180304,0.7117173309806262,8.389013842503225,8.936186257050302,2.9988305762947647,-0.6651801704907427,6.1010362721620695,-1.2789059477499052,4.378432040952546,4.74616346061665,5.636888233939104,5.710069613919792,11.672186277663933,9.061848855090886,-8.114502481989568
2014-08-02 00:01:53+00:00,,,,,,,,,,,,,,,-10.419100004356975,-11.722460061652288,-19.887724821292785,-17.183831934337555,-15.852354417330892,-17.935697701707184,-20.58268998189812,-19.101824422362174,-21.4311572250297,-29.365249837819217,-24.41881655595104
2014-08-25 00:08:02+00:00,,,,,,,,,,2.312446236371948,-5.848952488489516,-2.9095974843031485,-0.8861280561305094,1.9883610448409288,5.84980592514242,9.808664861090918,3.314730095098035,4.223463194316913,8.664767868247232,0.4168543904383526,6.95135792324087,1.7375410272389615,16.965448685191177,18.561482052119096,19.31692652582214
2014-09-19 00:01:57+00:00,,,,,,,,,,,,-0.0506049632254956,-6.086895361407123,-5.6060734386412605,-10.364254764718584,-0.2136779846790375,3.765779584596878,-6.20581560762944,-4.398774107111343,-11.566047010720135,-11.636012343909115,-13.060432031688896,-13.52939344691336,-9.5809236544371,-8.358766776286593
2014-10-04 00:10:37+00:00,-3.7995689192345674,-1.744614511500977,-3.181974959921142,-5.52616291964182,-1.64740629295207,-9.202979479591429,-4.128445237958026,-9.688090195792231,-8.388047891819525,-1.672074757103772,-0.2662871144789562,-1.4214981719406552,4.273465520232989,3.7528538228733055,-3.852096700012808,-1.2349956256208898,-1.571322911075356,-4.821697357007004,-1.0830377446054484,-1.48780291528918,-0.4967396881788843,2.9934778571027607,1.4377247796439363,2.113693742078418,2.103015431412828
2014-10-20 00:10:40+00:00,-7.90952478136176,-4.359395031096504,-8.226226117392258,-7.190754564790275,3.463222266815343,-1.8656837750271364,-4.521882648025638,2.589553677920214,1.5507702098974647,3.417965397233104,4.984527733688459,3.1341954912121253,-1.530601874030758,2.408469207101838,5.025399973135535,1.3857333220924843,2.366929193484061,3.795745686063938,5.35907596304012,1.122894334651214,1.6150287564517498,9.734013028184052,11.363892006907506,9.430934348481491,4.925797036023006
2014-10-21 00:02:18+00:00,,,,-17.999990981011095,-15.018330129008396,-16.56452531536526,-18.513797475353368,-20.61235966131725,-21.909366391455546,-15.552748870786022,-13.469046737491354,-9.257777708825053,-8.044766102138318,-10.27256417918342,-9.606745980649496,-7.606040602741643,,,,,,,,,
2015-01-09 00:02:49+00:00,,,,-2.9114222099512403,1.4893691443385748,1.9722537539901523,-1.5020583232820073,1.5975818893638376,-0.565944720858532,2.131872751156685,0.131576787713449,-2.133973607470473,-4.561793064463004,-6.923003320867867,-4.787734399200708,-3.4839182366335706,,,,,,,,,
2015-02-26 00:03:05+00:00,,,,,,,,,,,,,,,,,-12.831083145654802,-15.867243181481072,-14.117375177309114,-18.20498316561601,-10.283314539993276,-11.393450500460496,-14.707818927078904,-10.984671122695886,-8.146168215192723
2015-12-27 00:05:34+00:00,,,,,3.18645968480741,4.941475354302746,3.513508307817389,5.698513496591289,4.9341464603068985,1.235715148537189,3.988791648497724,2.8965920449034925,0.2635565801384203,-1.0546113576232727,1.3100601046108906,1.0212063404192762,-4.336960012294206,-9.6840752521669,,,,,,,
2015-12-28 00:28:43+00:00,-4.558911613733045,-3.346138521437417,-2.255531223983681,1.7861128527637646,4.603695618079726,6.693243655326427,4.639352955351484,7.689118245397189,7.645104605023661,8.841230899694239,7.807153083925577,11.64306044650276,9.877262982491883,10.189764918597106,9.281791597831798,7.937114580018829,5.668563877001468,8.947167859931149,7.32769052467922,7.022986485304401,10.786311493610164,9.872386109079628,10.207277504767106,14.544083043973714,18.362326586556847
2015-03-29 00:09:54+00:00,,,,,,,,,,,,,,,-6.867672164793703,-13.36262002408198,-5.583124958196194,-8.587481836988502,-3.8663870990206135,-8.413838432896895,-0.6218130202723273,0.464633099384649,3.626468501472438,8.19776264311443,8.890302053786918
2015-04-22 00:09:39+00:00,10.370033242025364,5.059089265187929,4.951021974505196,11.00683527999422,7.934376193018792,9.397910798532266,5.106166630704252,-1.830835707075728,-1.245255798268829,-3.526295644207714,1.0980558568683207,4.2095216570779925,-0.2511688215666012,-1.532680717982224,0.9421637154708832,-3.61433779438778,5.246987880817443,1.1395268680117496,,,,,,,
2015-04-30 00:09:41+00:00,20.07288902829449,14.499848372878796,11.20595211632248,15.881073449537965,8.356604118719531,9.12104794687174,9.996183643370792,9.224844865321678,4.716078513342289,5.50644326126934,7.335240873490569,14.452349899303812,16.16530369706392,13.90894689357657,10.960177551846492,10.266003897232425,20.11110676867905,20.464307100961577,15.87645907896284,20.466254234842275,13.347432066415635,19.13638796682521,25.68051573300008,25.568067843958964,14.033106937065432
2015-06-09 00:10:01+00:00,,,,,,,,-20.403186975138937,-16.799897097825045,-12.267435772452274,-12.9401557049082,-15.203058031360449,-10.421034805016893,-12.251708058354822,-17.686359411242677,-15.367828058475569,-14.393150135101124,-14.71476627683089,-15.586598009048153,-17.94559205825874,-8.885865387545834,-10.807076628823978,-18.015626796700417,-17.325085871464548,-18.483966342906555
2015-06-10 00:03:29+00:00,23.801525442525424,6.747050730451896,-2.013969104157788,-2.0929010253213534,-12.958323454128305,-12.245152279342983,-11.029579193090688,-20.427357876405317,-14.791494664443825,-12.403542822975336,-15.194726209679832,-14.647517796092613,-13.04779137650328,-11.80524301093945,-12.248611578397082,-12.766223059632036,-20.463316276493227,-15.5586465375181,-9.126386530265664,-12.847687681940766,-13.22871034266646,-12.902188018856124,-17.350002797841555,-18.558692328002177,-0.764890258954793
2015-06-17 00:09:44+00:00,-1.951159641511822,1.156651958578017,1.107493472007988,-5.119806733061786,-1.820774666468587,-2.424143008381897,-4.673568947505672,-5.510186821465211,-11.022164105898677,-10.158991755969936,3.560877205968346,0.1174843934974134,-0.6051588194972339,-2.8861830630347143,-2.6678829815940546,0.9167232421760474,0.0290714699757401,-0.2410635709494712,-4.5553134297987015,1.2776060547672046,5.420150898674415,8.168294221340254,9.194674073602066,13.797273597071325,5.167799424937051
2015-06-26 00:03:34+00:00,41.77382432861089,34.14226394554667,25.093654897518405,12.278206495521104,3.5528251207199446,4.807579370969791,-6.104574993956092,-9.503299254835763,-6.459800937590298,-6.163411295348816,2.359184352889727,0.0751684987820411,-3.4417409995781725,-1.8741687868607853,-2.53077878635629,-4.515417842494237,-9.758547071028271,-9.744253838919391,-7.875058511841964,-3.6927965371145817,-14.00946061262011,-11.402099989319067,-6.098549861088273,-11.337264231855542,-26.41251182937128
2015-08-20 00:10:11+00:00,17.153819687465536,7.232248697271835,11.129162161449456,2.2869882595885898,3.956233753669309,2.15473652644566,-0.1484954345105507,-0.1895539048104595,-3.884551391725637,1.6095419809191611,2.1511128895741507,1.915653155641124,3.12410083820064,2.8735740287949767,0.834427389489889,-2.1126999604777623,5.069442141257113,1.5157524161745712,,,,,,,
2015-09-13 00:10:21+00:00,25.20879453002185,15.916964903603509,12.799301449856516,18.62596220704563,14.077009058122584,16.747720973349942,13.976194319938251,7.712098437000918,12.793724599747357,,,,,,,,25.754953902065665,20.938470378138675,21.11159287351792,22.178138613634232,19.08078530453565,25.416891615642584,24.763012785669744,26.413236956082866,24.05029268635305
2015-09-14 00:04:10+00:00,44.477813740036886,36.189192324655686,12.37421372003439,11.689305997790726,9.49266191253514,1.6335530997790002,2.581706512548294,1.128500940092685,-4.726320068730889,-0.5565426693834326,-1.270072034182732,-2.526394205579677,-1.0001308780207054,-2.4995918946546998,-4.287523037838657,-3.894501640454777,-6.475560002374763,-5.5667763517905655,-9.213346823888095,-5.637655437081158,-4.860454603151268,-4.535984548864562,-2.1159003806110093,-0.2619206682524719,-5.673045561578462
2015-09-22 00:04:12+00:00,,,,,,,,,,,,-25.78070293940277,-20.795130998753088,-23.420872702770648,-25.16188399188369,-25.767736822211877,-31.52441203271891,-30.98681305978546,-29.18590113096337,-37.973148819252366,-31.98672134276441,-26.81369358872925,-34.55389766702821,-35.05700697191229,-30.45534958568875
2015-10-07 00:10:27+00:00,0.7821833394811151,-2.327587283468461,-6.2202031298563725,-4.098014100025452,-6.980662523933525,-2.820078900135797,-7.248803654990173,-7.908113019865471,-3.4403155141489563,-11.07544148567814,-7.880659446791157,-1.7642837889508414,7.235307790956426,5.141513580946139,0.8461427218365003,-4.475277038934351,2.8414557103262865,0.0188570117450481,-0.8863933721502306,-5.83329921169517,-0.6093005502726072,-0.9836151091573626,-5.106782163860999,-0.9425989731676196,0.365363535660947
2015-10-08 00:04:18+00:00,,,,,,,,,,,,,,,,,,-15.709428446266362,-17.425053746594443,-16.05571568832304,-23.23123407076301,-20.90368057948204,-23.663335906670344,-23.52610399545853,-22.737431195968817
2015-10-15 00:10:38+00:00,7.234983824193115,2.772844906458665,6.635988641107659,3.3825991273200984,4.778645892390792,0.8969710153014177,-1.194037126802492,0.6038838882866244,1.2568658186687145,-0.9533197325787556,-1.3342916974072594,0.5067152846071039,-0.5150416766492327,-5.492964339432248,,,,,,,,,,,
2015-11-08 00:10:32+00:00,,,,,,,6.441946333090783,3.154761497116546,1.4557021796738496,1.775897077248629,0.0237212234151513,0.1029632536823541,-2.261018547937546,-3.2672280784568954,2.9736661658488046,1.5868732847741498,6.194016554023754,0.9102813584137124,6.3344802000384846,2.821751528697874,7.080937843238864,8.420361271682893,13.408701607030878,17.081786021871856,11.689679913661957
2015-11-17 00:04:22+00:00,26.74424972220616,7.255272987043902,8.26472169531894,4.5997721420186295,-1.0648336132284513,3.5277278201602518,-1.3268465106620368,-2.762135990800928,1.5308692284799008,-6.373604527550654,-5.893317108568702,-5.401927468993726,-7.9356628874779105,-8.112847345258423,-9.829560821351723,-5.4004906486812345,-5.103268753994847,-10.82443187767695,-1.9143597562486503,-7.430708637086703,-8.26937585917657,-8.3455794356288,-6.451923811737167,-4.706593976493174,-5.935885741220105
2016-01-03 00:11:52+00:00,-22.30589427133733,-21.52175782391228,-25.666295517684084,-19.413440939443447,-19.7663282021026,-20.029318594284028,-17.44666391172101,-22.451867833791997,-22.37668476220614,-15.55826732518802,-14.687730384302824,-19.793329429638103,-23.11617939633316,-25.525054272978444,-25.387046268331492,-23.172808999961013,,,,,,,,,
2016-01-12 00:05:50+00:00,,,,,,,,,,,,,,,-15.723763145402508,-15.90284807540879,-25.770604439714617,-17.44252080770016,-19.1372865159242,-15.506162980163824,-20.5728800368752,-24.19934129662976,-13.714754936431142,-21.98374356733814,-21.349022748593043
2016-02-05 00:04:17+00:00,14.530757683444172,-3.902502271243279,-18.269558699821133,-20.37673637267097,-16.916184260481458,-11.910321258325087,-9.34242352727199,-9.715329274253286,-6.816565847875623,-10.03277231552486,-9.179424242062858,-13.39501470178912,-14.566398033542743,-18.017184916797486,-13.55504244777162,-14.393455016205802,-15.990476585068684,-15.28842704887492,-5.994229081340002,-13.975170326681578,-15.315157515115043,-14.090741789850206,-12.275180562127431,-10.136123295786176,-10.29741339160634
2016-02-12 00:10:24+00:00,-13.70229986976046,-8.08835213126303,-5.479158108440039,-4.13227775987572,-0.1363278086542507,-7.550364024378709,3.134542985587643,6.714381517978183,6.585581298968393,9.155135185664982,6.078937873738475,9.76201074070427,9.08446215016012,5.8815354512373546,-0.5480489899573016,4.762516111087898,8.069470635276339,7.9029048135839375,3.3077436751032394,8.2400971585635,8.476401183649145,11.796415883272964,17.667657585240946,25.46918317435172,21.513702385357306
2016-02-13 00:06:07+00:00,16.451162946854332,13.720366448574786,11.595896228448469,6.496359187731656,8.17935155907253,15.204848487969237,11.776527669888708,13.534570341083231,18.106237530826505,11.480578239057849,2.892774282290212,,,,,,,,,,,,,,
2016-02-29 00:06:11+00:00,5.505809759135708,-0.7519618202274714,-10.52661299650262,-10.96001889135863,-13.911154350385983,-8.727176340334687,-13.98780838556867,-14.403127654509454,-9.485288411347724,-16.96181564216255,,,,,,,,,,,,,,,
2016-12-12 00:25:50+00:00,-18.0271034431589,-10.892935718435552,-10.92961193202146,-13.893751779639246,-12.470610776901871,-8.216530041867458,-8.831167226003718,-11.88045151786682,-12.662572512966538,-13.314147099211276,-6.843728262735709,-4.782365829296651,-5.515705314628356,-11.880877339101623,-10.76843645916908,-5.376041859889259,-7.968534532396269,4.378556364560488,0.7091804846094476,-3.055224058654765,-2.389725342096469,1.82147186968605,4.621765974724653,9.455416271880187,11.520963442106172
2016-12-19 00:13:23+00:00,-17.908321838711828,-17.46072248352634,-12.690441199686047,-11.66954713268082,-10.222939137792466,-6.101449289736024,-5.686876785621728,-4.7901937315984,-4.379244578582728,1.2101186570620968,1.4865570443665064,2.830314009426502,2.203748704421457,-1.7728192941916632,-2.9942252484023726,-5.047872490125066,-3.504421012284453,1.5087064252938802,0.1529877235092698,0.8350572116982988,4.441708987595121,5.367381310682156,9.372389913939628,13.411715716545809,17.867963277962886
2016-04-08 00:12:37+00:00,18.874711348405743,14.146673126494711,14.018264107229925,21.22297373938754,7.417685797751993,9.236920870832456,1.5189384722460346,0.257625069986652,-0.5373349182897513,2.6713614243109163,3.555650309675769,1.974202843591378,-1.4563896762923392,,,,,,,,,,,,
2016-04-24 00:12:46+00:00,,,,,,,,,,,,,,,12.83322930595753,8.513815891925802,3.062177674457488,-9.88987692268642,-5.353874379307896,-0.6499400208251345,-10.467355279975756,4.746606059308988,16.095942670642415,9.85468730863957,13.075809117055314
2016-04-25 00:03:45+00:00,36.23627532909463,23.0309373623926,14.959192447331333,12.135119394272747,3.528361693011874,6.875703475895193,5.123755649298133,-1.318471678621421,3.338844799862088,0.8888106495505639,1.4492759302328224,-0.2577423343541198,2.766661199978067,-2.4630086457206986,-3.508531922892555,-4.102832434577348,-10.837285900562346,-7.138753056055911,-0.1400245876051116,-6.679816334906889,-12.167493532597192,-9.73995483254368,-7.64126726440324,-10.658621152060803,-14.326322332695874
2016-05-18 00:10:00+00:00,-3.43816240486521,3.7464737353476414,0.3748696973519472,-9.727000198497343,-6.157845029050783,-2.1291097548251585,-2.422189130046,-3.607687517877494,-6.280227578233923,-3.5584480734435218,0.3752745568575477,0.6038912298477115,0.1964761708915929,-1.0970711788498235,1.312890443121297,-4.639566721254493,-8.648925629813618,-0.9816541758636887,-0.4512283260226937,-4.2089484180307295,0.1477886158392038,5.197326450655183,-15.554358783100623,-11.777286303155153,-9.255657161443745
2016-07-13 00:12:59+00:00,-3.01066069236844,-15.032903706976562,-30.178200538122955,-30.141680055503706,-26.390413183525894,-27.751655799446045,-32.95086325200731,-27.588381321319133,-38.34527179278059,-42.44217126811441,-43.12570869699879,,,,,,,,,,,,,,
2016-07-22 00:06:50+00:00,,,,,,8.753806357208951,-5.840986475557706,-13.123811585588816,-6.563287445826038,-17.093118974869743,-12.065900808287758,-16.479787982589826,2.184174715318278,3.4984781927456936,-4.719131546737124,-21.28958189879263,-28.22861708259377,-17.79543508370732,,,,,,,
2016-08-14 00:27:56+00:00,-3.799465431705919,-2.5749939527097823,-11.101965408769814,-14.958052813183627,-2.148381373217461,-0.8747202136192058,-3.6380961095862574,-3.8137407332607225,-4.786559288251581,-8.920941911815902,-8.024882006369353,-8.34266016162627,-8.084356643495319,-5.999943138683875,-1.267174727926033,-5.443844750841958,-5.106078870392892,-4.02271196682274,-4.103640482790809,-1.791311224807167,-7.388386362689751,-9.10430937552796,-16.5570458508315,-13.529909210080298,-9.162145932606336
2016-09-24 00:06:59+00:00,22.99276384989572,17.325272254572816,13.416450845276644,-7.301647728248753,-6.62334295244716,-1.7301490053684958,-5.373214149412746,1.1691217516489232,0.7520897662748496,-0.2047666647860353,-5.649664519830139,-6.830874062627188,,,,,,,,,,,,,
2016-10-25 00:10:47+00:00,-19.10814071311343,-2.9116975192693038,-4.971714514453076,6.533927714095768,-4.368613374932671,-3.382291648506211,1.3260682184786037,-4.502970891542788,-2.125365192163762,-1.2713234393203194,-4.220084559850626,-0.325306271132078,4.006204315138305,-8.34616026488795,-4.301622917529798,-3.3107882067665955,0.4981819793050803,-4.248986561085488,-1.351714326022481,-6.231470280108837,-0.5300977382107348,3.1352902055400307,9.21476018213481,7.687997641850096,2.525783500361761
2016-11-29 00:16:23+00:00,-8.755714912493715,-4.027600598338545,5.01367473260224,-0.5358191010831703,-3.414796171270908,1.2040999548992204,-1.645928896847849,-1.3688539870131322,-0.9052626194701788,-1.2797400723819123,0.749083252668683,1.4158661392965328,1.5877329414411463,1.2793150053999869,-3.1520032999120744,-2.5733416541452385,-1.5720660525122696,3.322488042646661,0.8752250192680151,4.164784698257584,3.3664572130488253,7.50306954198912,5.774610263919492,11.536813921422151,15.577487531735043
2017-01-22 00:04:22+00:00,23.82118711054074,6.722998879407676,-2.3823772472512843,2.9251048908777904,-3.303841609467966,-6.478712541426269,-3.421217960692644,-3.4953475471905837,-7.510765725813943,-7.220473918151143,-7.557627755601921,-7.318624759286166,-11.65678028333701,-12.368576159676168,-9.184514041293554,-9.166545035918707,-4.437979046393309,-10.00388979553,-9.065001516908907,-8.707926304053267,-4.077439670565944,-8.024206567504649,-1.49065168750829,2.304559400501695,-1.868400159254513
2017-01-29 00:10:30+00:00,-7.542051750194489,-1.4870561760094745,3.540814041372812,5.485771890674471,-4.291224535480488,2.099314963187446,1.2294099606783746,7.346515381141714,1.930755251489352,1.7336482992284417,3.837767465373695,2.774788078782393,4.079075084627355,3.281116344958725,1.8341978452958685,0.3274008220126205,12.055542172886083,7.1468792604398885,9.323808479024931,6.952804729668941,10.904675058888394,15.401955213146593,20.351651463124227,28.56278434900519,31.87489221447824
2017-02-15 00:06:12+00:00,23.282705078639232,10.379086887558806,3.8598486297371855,3.0631213407749627,2.109236359720392,0.1877678808527463,-8.504350018915016,-5.374237930200266,-1.1769829360601918,-12.47612400786894,-19.30227185513131,,,,,,,,,,,,,,
2017-12-12 00:21:43+00:00,-19.07574412979501,-14.21319502270461,-9.15486015097654,-6.95544387099185,-2.4036294271529,3.073040913273161,2.625545607570949,2.9633356708718708,5.56208766269804,5.852515565907417,5.765891375664303,5.985382491402127,4.172612005235209,0.1352942012346503,0.0913630587957285,3.2307569494234656,1.256759396143913,5.981481544366389,6.787908519206283,3.907504299071718,10.082946725936113,12.397761984746351,14.180552388256118,14.377669467343908,15.17812528356793
2017-12-14 00:12:44+00:00,-5.4049196469402645,-1.7493774299275344,-1.4941508802493288,-2.944313206924406,-0.9015218047482634,2.256897945206191,6.7082844598299545,3.5793413784515096,0.8871005108587084,2.751685839145509,2.03209171028589,0.8020377509922554,-1.4703813518109428,3.732875218944379,3.602328194736557,1.7996131532743431,2.795969864667356,4.844982938324364,4.751254479168495,1.9657491543824577,6.817775631191701,7.57833583696268,11.066822892755418,11.340281823449216,9.245121223770198
2017-03-02 00:23:37+00:00,-7.965825482171475,-10.59270888201312,-9.33555896353066,-7.051044213737114,-7.866085772451143,-5.567861393925249,-7.395891952398422,-3.650474823714312,-1.7995441741438754,1.5515690174754226,3.0977132108450007,5.562869535420063,4.802475826871692,3.516598264174533,6.454438163550627,8.96209261424822,8.229989535427073,8.55082828139021,7.58000510623593,12.14047214750736,13.973306670760444,13.453101085564429,15.812845594426292,18.83894861861196,19.368887850381824
2017-03-09 00:13:46+00:00,-12.679804804461275,-13.808489815999527,-9.394088605902418,-5.113969273167236,-3.51417825507599,-1.6457994046127098,-2.061921409583256,0.0,0.4947921877496739,-1.2372374026704804,-0.0236338781627196,5.579139549317254,4.5582440681236776,3.17069307928702,6.431270125971729,11.39113392091999,10.63110434612426,8.458977672039168,8.789768856459979,12.407758069611312,14.70952747018329,16.47074277430714,19.49618646309128,21.039111829787693,19.32032743663879
2017-03-18 00:10:07+00:00,-17.45939894914587,-15.983791357373406,-13.20305974478083,-5.267817557855395,-5.002317264625326,-10.548995559199144,-1.5011676230294384,-4.06232684268609,-2.962821602613431,-1.803467757992415,-1.0101595335197049,-6.564088574853201,-2.1041201879983973,-2.721175287337715,-5.157976502964619,-6.186532255303028,1.6075058706053795,-5.405495912442021,-1.4093894085998784,0.0,4.162490250988284,6.054345939377441,10.544517205093015,14.843385016600172,20.320652262146996
2017-03-19 00:06:26+00:00,11.14664574441057,-4.600300289443545,-6.923547058750152,-2.1198580785885923,-9.819117735764353,-15.531656866715387,-16.145480477933106,-18.688043639079204,-22.091647927465843,-22.334907486308676,-23.60320168225667,,,,,,,,,,,,,,
2017-03-27 00:03:51+00:00,25.02772459839101,19.85486632352343,14.846942994940946,18.650214643020405,1.765514166058864,-0.137417552062196,-1.704150577751797,-8.112295143633393,-1.8315688053061765,-1.0039907810549948,-5.153490163353041,-3.3402900402777647,-3.3218386156274065,-5.609024553445721,-3.892394086725915,-5.852091175732852,-11.310965190330531,-8.118538382786369,-11.893987626123684,-3.375804934962737,-9.45264035254202,-5.5671940790861925,-3.7509632377937407,1.2572696033128563,1.143680949386237
2017-04-18 00:12:56+00:00,-5.500377156948353,-9.571152398226054,-8.957297376440408,-7.828299744421521,-7.980909603050506,-3.5309709793476074,-0.6140129196409418,-0.7627468498141212,-0.962703139015332,4.734588423917423,7.9474454864574255,4.595372522509095,4.710849825829243,4.1614668821817205,2.995809964269725,4.023141161109955,5.674948987139516,4.532280011324417,3.3589011236094635,-0.1269492571225541,-0.1214647892028253,0.1346182393059507,3.082491504554909,2.859058010107077,2.939628818177212
2017-04-27 00:12:51+00:00,,4.479701950327119,9.632326897849993,6.330818099837785,-2.6934191406224457,-1.6584155288451043,-6.260577549655565,-0.7886640652577199,-4.325406125817636,-5.965675312863702,-5.328483838501143,-4.337000055537125,-4.429973075485869,-10.42802487256938,-9.788762133941042,1.361522917669788,-4.6742202173928575,-2.6770544459154806,-10.731691515251748,-12.033655828494885,,,,,
2017-05-05 00:09:44+00:00,8.329015635814422,0.0946957609381868,1.9418525472930668,9.199408520915355,4.39930516117613,4.688484057919986,1.946781592719418,2.9724217254000536,8.77563613499349,9.470389853062038,12.010741562721975,12.54176806436594,5.414398150036966,1.5736084741068836,4.116087640832276,3.6243462460658895,10.75676366355144,18.508131633408496,9.17166659585328,5.7213183157055525,9.074605318890208,9.076917459677787,11.96310234286149,14.052546779060116,15.421260714610852
2017-05-22 00:06:45+00:00,,,,,,,,,0.8651605354309524,2.00098817930904,-1.1680212201977582,-2.57676246864218,-4.798676788899314,-5.522607230559686,-4.182579137867116,-7.024216166827571,-6.384942770892742,-10.09992837639799,-8.209335771237114,-6.32477461071116,-4.092733861270055,-10.005922108153634,-4.767700026570914,-11.066356364170346,-11.807579138109844
2017-05-28 00:17:22+00:00,-5.964965407771466,-8.6136891044426,-11.359136952421116,-7.323664388852514,-5.527213707269347,-0.2512423647853836,2.729428275581853,6.056432988504412,7.117540663676572,8.209021729860659,0.3216682931267556,0.4414727762918531,2.0048310679806747,2.1247249789587883,8.51186626869805,5.0392520296368986,4.332077159561912,2.555710424255821,6.212603050924905,3.4545146035357988,1.8060300098640096,3.245066775510203,4.343951456612004,3.832177988122467,1.175806752514113
2017-06-17 00:12:49+00:00,-1.2581353827115649,-4.218808089842391,-3.475603618490986,-4.465537143084788,-4.176987956070903,-3.485528092367339,-6.338588392983596,-8.114296797652415,-4.965383863565336,0.7705749081712838,-0.8262824632573285,-7.489107683079311,-6.151328533101953,-7.987617101851846,-2.599244758235912,-6.114571804453895,-14.77592983695436,-9.340860926619447,-8.6428213342584,-11.635791721040246,-8.213301692519856,-9.793822707349529,-10.97026148417624,-13.24041718053467,-15.966874107214736
2017-07-09 00:06:55+00:00,,,,,,,5.839220263956257,5.106481821337702,4.875982853206224,-0.6221757686686757,-11.50849078052788,-6.143817311231352,4.075686077414119,6.171208167038941,-1.8894120087703212,-6.831404242729505,-17.924247035434618,-9.737424144265042,-15.37776387998155,-16.282637528383564,-13.31242522189521,,,,
2017-07-20 00:27:54+00:00,-6.072450640685872,-9.170612648793051,-21.872676266369037,-18.996142048685847,-12.253594654891003,-11.999741875045707,-16.387712101404937,-17.439294863588273,-15.154442133645134,-14.765121879219834,-17.522381701391037,-12.143980908656625,-17.972534730037673,-15.794040291984045,-22.00110887765077,-23.06464086393069,-31.40036420832716,-32.093419668400884,-32.27583818045264,-33.693130791066174,-34.33637428019166,-36.14402860331872,-40.11946618930746,-37.85097590651132,-33.22478617660023
2017-08-01 00:13:04+00:00,4.807407651820554,-0.0813896507627305,1.0898826195307336,7.427375029044356,1.8630691604695,-6.286890475489017,0.5765426475539641,-6.825053159262552,-5.9541912277568905,-6.523958665826974,-6.942259685762771,-10.97588798576144,-12.04079296768241,,,,,,,,,,,,
2017-08-02 00:04:13+00:00,38.16395772396592,27.52370619604381,8.932878393276937,12.012350272966684,4.8539447330797785,-4.780260443794724,-1.6486339474573557,-2.6514534506812097,-6.110839854374511,-7.932491399974481,-4.656433465625092,-7.509095359659021,-5.03285028306442,-8.808741340408705,-9.584007759545337,-9.64617919527928,-22.620228700746217,-10.251181945700395,-14.956325429595964,-11.172576867084466,-14.10431489600242,-15.453859077171394,-15.163758762392996,-22.52252639275334,-23.04272574361421
2017-08-24 00:22:31+00:00,-9.203455398335912,-4.199323380426073,0.2200293643062849,5.30196441064605,4.661226554307511,-1.2670121440730142,-4.235052819765997,-5.7466072234753405,-4.153429433784183,1.936885170896673,0.2059468884662862,-4.7754819608909145,-4.670828564258812,-3.7159245016191846,1.4738034975940977,-8.053301116496563,1.0122716277263208,0.0445126276376228,2.231968314456772,0.5975702519302146,-6.304074766361019,-4.996312720824612,-5.8641948474802845,-2.4606739740354016,-0.6755169270595047
2017-08-25 00:10:31+00:00,,,,,,,,,,2.666259831626625,7.93952928437924,5.7611891369451484,8.56833125724878,4.093782620297361,1.3102229043783922,2.7177310162349,4.92363306381074,0.0162489552322711,-1.520967912993477,-1.0789104700030947,2.156854010053649,5.975554548247672,5.657168339590854,11.02854113442421,
2017-08-31 00:13:47+00:00,8.736840521901698,4.808824754397556,7.782010176747619,7.628351290190778,4.527132334568755,5.933830203794145,2.4079290972818583,-0.0047787449974379,-3.4433546527648677,1.6445397903614989,1.8815862045017155,6.048531127440107,6.716090458764285,3.2822265477963413,3.832166320487964,-2.1588161189303463,-5.456215910002101,3.5862325203091885,3.120156665460499,0.7545054191419922,-2.0129373594005955,-0.9645195708337936,-0.6800001771854483,-0.467217637893988,0.0859755741277652
2017-10-04 00:13:02+00:00,-6.1156255235484025,-0.6371535862876243,1.1245236616143188,-7.151248918186241,-17.473125705273006,-27.4328671738042,-20.12818070551129,-12.962871803459802,,,,,,,-11.99359361212845,-5.0844193810427285,-9.963090165710938,-5.545241474784845,-6.194650052986596,-7.6920045805813615,-0.5920664300731175,-6.126554837075119,0.0,0.0568179330524003,2.9885571053183213
2017-10-20 00:13:04+00:00,,,,-4.791598229043224,-7.9411378374934785,-11.673498429127813,-10.52207972426936,-3.390676214766401,-4.845124346447033,0.3041326095123082,0.0950185485391728,-0.6534262601926883,-1.2150031978514022,-5.00492189528579,-8.734923489527823,-5.995368039038887,-11.910855768186584,-7.142103319233684,-4.833225677737445,-8.201029310003406,-1.4630643867279431,7.103081805462296,3.7451020797720815,8.76534908163115,8.597509075848677
2017-10-30 00:15:46+00:00,-21.331041637562727,-16.8753093541728,-13.656232593470932,-21.111403739029083,-34.41518659352199,-36.33228472929355,-21.960214030907352,-16.5516246700764,-13.14692923513764,-15.945502168009623,-15.944920035714633,-17.10670968413369,-11.89027784601187,-8.586722507859438,-12.956206370322086,-17.00950829766874,-21.116623671345508,-11.78186105011718,-16.249113368598362,-13.391097063149502,-9.73854340157775,-12.044543631646242,-15.977495062999814,-13.72547693540725,-9.602147579830572
2017-11-06 00:04:32+00:00,26.64363499276454,10.015872728359431,2.437815458790631,-0.7879024593798647,-2.651339084824947,-0.7348088763776275,-1.540750644646721,-2.02443606511568,-1.2210142862039817,-1.9131336494982207,-0.2669725286944384,-0.373250035970166,-3.3315056602685544,-0.557868476884785,-4.35568379323102,-3.2815897352030774,-8.453718502152928,-7.064114240736679,-4.558172973198609,-5.529682819101616,-8.380811828999775,-3.859867647035962,-2.839839362212522,-3.88135060832596,-5.483713474440357
2017-11-09 00:12:14+00:00,1.3857929435489569,-4.637240056860939,-2.4911626113130083,-1.756399638129949,-1.9156668742394916,1.770729839990004,-0.2236121300146152,-2.619385121827598,0.9461084137198696,1.5912481644561467,8.350841710701104,5.055693723425321,3.7516424384926026,1.3522552605980849,-1.5900572965557878,-1.236908014880548,-3.016811125054936,2.4246632149255305,-1.0914931838924955,-2.1643369733890623,-2.982033782679693,-0.795693711409811,-0.3966976150718011,1.4405540746440906,6.316215922140067
2017-11-22 00:21:43+00:00,-13.973886413616311,-12.867460036852592,-11.624067356476928,-4.829040886494262,-2.575816534206105,0.5355243926087638,2.039466286288608,7.276683925781555,9.82511974318755,7.743156996293315,3.298827829365031,2.2272352605087846,1.2575341210010649,2.1580182299981345,4.586549016464765,9.831039410548511,9.648952559071605,9.400455550935114,12.894541708417831,16.156525685385823,16.196914891335062,12.3655513177113,11.912612408200635,10.022069732067266,6.924750809821816
