fid,ID,ELEV,vertex_index,vertex_part,vertex_part_index,distance,angle
,,,,,,,
,,,,,,,
,,,,,,,
,,,,,,,
,,,,,,,
,,,,,,,
,,,,,,,
,,,,,,,
,,,,,,,
39,"38",0.000000000000000,"0","0","0",0.00000000000000,180.00000000000000
39,"38",0.000000000000000,"1","0","1",0.00015000000000,179.42022762577662
39,"38",0.000000000000000,"2","0","2",0.00045006144622,176.82507088848905
39,"38",0.000000000000000,"3","0","3",0.00075129659865,176.95718904762961
39,"38",0.000000000000000,"4","0","4",0.00105133322853,181.22756321179435
39,"38",0.000000000000000,"5","0","5",0.00135184687883,177.26071487213827
39,"38",0.000000000000000,"6","0","6",0.00165544426249,175.77136134236977
39,"38",0.000000000000000,"7","0","7",0.00195545057649,202.29138711142963
39,"38",0.000000000000000,"8","0","8",0.00223244013134,224.53194464186308
39,"38",0.000000000000000,"9","0","9",0.00237555981113,226.23725268391220
39,"38",0.000000000000000,"10","0","10",0.00264502861158,225.87582485479325
39,"38",0.000000000000000,"11","0","11",0.00280994650398,226.81811329886435
39,"38",0.000000000000000,"12","0","12",0.00305343793957,222.85378317244232
39,"38",0.000000000000000,"13","0","13",0.00322926756709,222.66529485441035
39,"38",0.000000000000000,"14","0","14",0.00348866179151,249.11794729082345
39,"38",0.000000000000000,"15","0","15",0.00378869826277,247.13517930804457
39,"38",0.000000000000000,"16","0","16",0.00396681357302,224.19262538150161
39,"38",0.000000000000000,"17","0","17",0.00422044787139,239.54976996485243
39,"38",0.000000000000000,"18","0","18",0.00452979687138,261.15917536135674
39,"38",0.000000000000000,"19","0","19",0.00483037678502,248.63093704077721
39,"38",0.000000000000000,"20","0","20",0.00486367261057,231.21143673254289
39,"38",0.000000000000000,"21","0","21",0.00521353467906,234.94016769527900
39,"38",0.000000000000000,"22","0","22",0.00537080539477,228.34593214587079
39,"38",0.000000000000000,"23","0","23",0.00563833522370,221.63705531397059
39,"38",0.000000000000000,"24","0","24",0.00576583770058,224.69647873590523
39,"38",0.000000000000000,"25","0","25",0.00606536652445,224.76042053269819
39,"38",0.000000000000000,"26","0","26",0.00618764049790,218.89689280833699
39,"38",0.000000000000000,"27","0","27",0.00654456130147,214.86342467394311
39,"38",0.000000000000000,"28","0","28",0.00657816100116,253.75536416588284
39,"38",0.000000000000000,"29","0","29",0.00665454666421,285.92123981994968
39,"38",0.000000000000000,"30","0","30",0.00688751939536,244.89597128829871
39,"38",0.000000000000000,"31","0","31",0.00693927401966,218.90985235960761
39,"38",0.000000000000000,"32","0","32",0.00730246861730,233.67180198110273
39,"38",0.000000000000000,"33","0","33",0.00742169952953,230.87232036759025
39,"38",0.000000000000000,"34","0","34",0.00770956463776,224.74719341895255
39,"38",0.000000000000000,"35","0","35",0.00784130142581,228.01776114268313
39,"38",0.000000000000000,"36","0","36",0.00810873721129,227.66327171820615
39,"38",0.000000000000000,"37","0","37",0.00829135318462,221.03518282972473
39,"38",0.000000000000000,"38","0","38",0.00857510749910,217.54705811358821
39,"38",0.000000000000000,"39","0","39",0.00866827149685,221.47737160866413
39,"38",0.000000000000000,"40","0","40",0.00901222305579,223.71072517505905
39,"38",0.000000000000000,"41","0","41",0.00908837566614,226.01414166569148
39,"38",0.000000000000000,"42","0","42",0.00941543962754,226.72204255665216
39,"38",0.000000000000000,"43","0","43",0.00953682979787,220.42782246789633
39,"38",0.000000000000000,"44","0","44",0.00989645995392,211.22529933030771
39,"38",0.000000000000000,"45","0","45",0.00990999796235,194.01411677149025
39,"38",0.000000000000000,"46","0","46",0.01021026672159,203.42826911667345
39,"38",0.000000000000000,"47","0","47",0.01061229838857,222.34792615125269
39,"38",0.000000000000000,"48","0","48",0.01062922639048,223.91300672810181
39,"38",0.000000000000000,"49","0","49",0.01102089933498,247.71441664975185
39,"38",0.000000000000000,"50","0","50",0.01132110744155,267.86861204085102
39,"38",0.000000000000000,"51","0","51",0.01162131472106,251.64229706911860
39,"38",0.000000000000000,"52","0","52",0.01164487490515,230.76268184156768
39,"38",0.000000000000000,"53","0","53",0.01203422872328,247.89617798657085
39,"38",0.000000000000000,"54","0","54",0.01233423337734,251.63638080853849
39,"38",0.000000000000000,"55","0","55",0.01238209362237,203.99481674885359
39,"38",0.000000000000000,"56","0","56",0.01268353344194,179.23155165963547
39,"38",0.000000000000000,"57","0","57",0.01298429020467,204.37876798575653
39,"38",0.000000000000000,"58","0","58",0.01336760857126,225.62191357092553
39,"38",0.000000000000000,"59","0","59",0.01340759781230,203.20293698380479
39,"38",0.000000000000000,"60","0","60",0.01370759878357,168.20662873418456
39,"38",0.000000000000000,"61","0","61",0.01377866046934,149.43355203939075
39,"38",0.000000000000000,"62","0","62",0.01407538761142,160.41777814934244
39,"38",0.000000000000000,"63","0","63",0.01437548671138,156.89622172180466
39,"38",0.000000000000000,"64","0","64",0.01453300306008,133.94935556641579
39,"38",0.000000000000000,"65","0","65",0.01481072722843,152.37703059450320
39,"38",0.000000000000000,"66","0","66",0.01511358680696,163.31566544793489
39,"38",0.000000000000000,"67","0","67",0.01523943864867,145.58046981938159
39,"38",0.000000000000000,"68","0","68",0.01549577049868,135.82711209154530
39,"38",0.000000000000000,"69","0","69",0.01567120258466,110.14206927058730
39,"38",0.000000000000000,"70","0","70",0.01597222351093,110.20144794752620
39,"38",0.000000000000000,"71","0","71",0.01625546579329,135.06359902543997
39,"38",0.000000000000000,"72","0","72",0.01639710687022,132.95018790157562
39,"38",0.000000000000000,"73","0","73",0.01670234596979,132.95025716042915
39,"38",0.000000000000000,"74","0","74",0.01680031712828,139.43021140239171
39,"38",0.000000000000000,"75","0","75",0.01708602321645,154.32648557862055
39,"38",0.000000000000000,"76","0","76",0.01739690344809,152.86625711960778
39,"38",0.000000000000000,"77","0","77",0.01747618133533,138.29765602665231
39,"38",0.000000000000000,"78","0","78",0.01780957828848,141.13026801946640
39,"38",0.000000000000000,"79","0","79",0.01793126091033,140.54736892871810
39,"38",0.000000000000000,"80","0","80",0.01821437070377,155.99148134585658
39,"38",0.000000000000000,"81","0","81",0.01851465899474,177.89030946349496
39,"38",0.000000000000000,"82","0","82",0.01881479242637,182.60984015703531
39,"38",0.000000000000000,"83","0","83",0.01911699912667,194.07948689280619
39,"38",0.000000000000000,"84","0","84",0.01943884278973,188.53290086580239
39,"38",0.000000000000000,"85","0","85",0.01973963715912,169.67017839995404
39,"38",0.000000000000000,"86","0","86",0.02005251325252,195.81191492918387
39,"38",0.000000000000000,"87","0","87",0.02029660333841,242.79621493239992
39,"38",0.000000000000000,"88","0","88",0.02060391825346,236.23415016802460
39,"38",0.000000000000000,"89","0","89",0.02068984962797,173.55804176067508
39,"38",0.000000000000000,"90","0","90",0.02075629140098,135.93014789410873
39,"38",0.000000000000000,"91","0","91",0.02109102561308,160.41191558050903
39,"38",0.000000000000000,"92","0","92",0.02139107943383,156.50976793653834
39,"38",0.000000000000000,"93","0","93",0.02151119090486,136.93271660070417
39,"38",0.000000000000000,"94","0","94",0.02179029732177,160.04301867633507
39,"38",0.000000000000000,"95","0","95",0.02209045294198,178.53059262510232
39,"38",0.000000000000000,"96","0","96",0.02239050760992,203.88820840982649
39,"38",0.000000000000000,"97","0","97",0.02263942663174,226.93517723245961
39,"38",0.000000000000000,"98","0","98",0.02283214091931,198.30363563708971
39,"38",0.000000000000000,"99","0","99",0.02313538859976,197.05458594285719
39,"38",0.000000000000000,"100","0","100",0.02344324375854,214.81146803977975
39,"38",0.000000000000000,"101","0","101",0.02352529898379,192.95427309857419
39,"38",0.000000000000000,"102","0","102",0.02382536614749,180.82931603200024
39,"38",0.000000000000000,"103","0","103",0.02412574314724,183.32337235582315
39,"38",0.000000000000000,"104","0","104",0.02442639576286,182.86550299968505
39,"38",0.000000000000000,"105","0","105",0.02472657051737,178.30248920391386
39,"38",0.000000000000000,"106","0","106",0.02502788321949,199.40826845670091
39,"38",0.000000000000000,"107","0","107",0.02538949497353,246.61406233533077
39,"38",0.000000000000000,"108","0","108",0.02568953523268,249.59753296497632
39,"38",0.000000000000000,"109","0","109",0.02574522237776,229.74303334918187
39,"38",0.000000000000000,"110","0","110",0.02608428591137,252.50666787548477
39,"38",0.000000000000000,"111","0","111",0.02638575616986,254.00902092284156
39,"38",0.000000000000000,"112","0","112",0.02656401554326,228.06850543443699
39,"38",0.000000000000000,"113","0","113",0.02679360175334,224.38995679024248
39,"38",0.000000000000000,"114","0","114",0.02698344310388,224.77515892345963
39,"38",0.000000000000000,"115","0","115",0.02721972754317,215.35740082765292
39,"38",0.000000000000000,"116","0","116",0.02736636916146,217.28050803735667
39,"38",0.000000000000000,"117","0","117",0.02768109460674,230.51261712937952
39,"38",0.000000000000000,"118","0","118",0.02783106925546,230.66803644060363
39,"38",0.000000000000000,"119","0","119",0.02807171950136,230.87813016855992
39,"38",0.000000000000000,"120","0","120",0.02830659866333,229.97135553656841
39,"38",0.000000000000000,"121","0","121",0.02846041097517,224.48846191303423
39,"38",0.000000000000000,"122","0","122",0.02872300720483,222.86409281083289
39,"38",0.000000000000000,"123","0","123",0.02890267674661,219.64583849185783
39,"38",0.000000000000000,"124","0","124",0.02911185744846,220.90568717012636
39,"38",0.000000000000000,"125","0","125",0.02935875094923,221.41129476884461
39,"38",0.000000000000000,"126","0","126",0.02951956165877,221.29426819213381
39,"38",0.000000000000000,"127","0","127",0.02980347343786,226.74499242712895
39,"38",0.000000000000000,"128","0","128",0.02995541086938,225.43336361442371
39,"38",0.000000000000000,"129","0","129",0.03022931413443,225.52834348390476
39,"38",0.000000000000000,"130","0","130",0.03037905924690,224.61986778493480
39,"38",0.000000000000000,"131","0","131",0.03066458142439,227.08501070004692
39,"38",0.000000000000000,"132","0","132",0.03080663827948,228.60964329493703
39,"38",0.000000000000000,"133","0","133",0.03107328667346,226.47528304996092
39,"38",0.000000000000000,"134","0","134",0.03123891658881,226.00763301489403
39,"38",0.000000000000000,"135","0","135",0.03149428507985,248.66838013443524
39,"38",0.000000000000000,"136","0","136",0.03179492270011,271.23070590677776
39,"38",0.000000000000000,"137","0","137",0.03209499651326,291.60671422729752
39,"38",0.000000000000000,"138","0","138",0.03234046391646,332.96719676111314
39,"38",0.000000000000000,"139","0","139",0.03264383535637,353.65942258018157
39,"38",0.000000000000000,"140","0","140",0.03294461689742,1.08631111588290
39,"38",0.000000000000000,"141","0","141",0.03324644187397,345.58855980899096
39,"38",0.000000000000000,"142","0","142",0.03340501811729,319.38160803015819
39,"38",0.000000000000000,"143","0","143",0.03365066855840,297.45938877385510
39,"38",0.000000000000000,"144","0","144",0.03377594884046,275.26560907701122
39,"38",0.000000000000000,"145","0","145",0.03407596015389,251.64698981758167
39,"38",0.000000000000000,"146","0","146",0.03411212085082,229.94035396906219
39,"38",0.000000000000000,"147","0","147",0.03448804462973,245.96835479216415
39,"38",0.000000000000000,"148","0","148",0.03478883422175,267.52102919365120
39,"38",0.000000000000000,"149","0","149",0.03508886387157,248.56501204671545
39,"38",0.000000000000000,"150","0","150",0.03510869217257,226.40379158049328
39,"38",0.000000000000000,"151","0","151",0.03551304248381,230.93696187255907
39,"38",0.000000000000000,"152","0","152",0.03553772680894,231.55143728163875
39,"38",0.000000000000000,"153","0","153",0.03592533684985,249.73605771317327
39,"38",0.000000000000000,"154","0","154",0.03622585686948,272.54221908421027
39,"38",0.000000000000000,"155","0","155",0.03652599104923,258.09597787206906
39,"38",0.000000000000000,"156","0","156",0.03666033202370,235.93421787464268
39,"38",0.000000000000000,"157","0","157",0.03690323021546,226.19490209552615
39,"38",0.000000000000000,"158","0","158",0.03709493568371,179.99999999924918
39,"38",0.000000000000000,"159","0","159",0.03728664115196,136.73804301151438
39,"38",0.000000000000000,"160","0","160",0.03750628634440,180.67369294397247
39,"38",0.000000000000000,"161","0","161",0.03772030726467,213.29610214273893
39,"38",0.000000000000000,"162","0","162",0.03787666450561,214.26459040860243
39,"38",0.000000000000000,"163","0","163",0.03821310267156,245.03471779157965
39,"38",0.000000000000000,"164","0","164",0.03851413170570,248.30513449528476
39,"38",0.000000000000000,"165","0","165",0.03857247283576,228.56098172922421
39,"38",0.000000000000000,"166","0","166",0.03892754482029,237.70871991542592
39,"38",0.000000000000000,"167","0","167",0.03907800261087,234.97205591585899
39,"38",0.000000000000000,"168","0","168",0.03932373841299,216.99676550574549
39,"38",0.000000000000000,"169","0","169",0.03945905346561,218.10824098506441
39,"38",0.000000000000000,"170","0","170",0.03979185393510,224.24646995187223
39,"38",0.000000000000000,"171","0","171",0.03987058729448,227.33513374307873
39,"38",0.000000000000000,"172","0","172",0.04019456508502,227.37155669945116
39,"38",0.000000000000000,"173","0","173",0.04031871361465,226.10755036038097
39,"38",0.000000000000000,"174","0","174",0.04061067951585,249.40377701489629
39,"38",0.000000000000000,"175","0","175",0.04091099723371,251.66448123587065
39,"38",0.000000000000000,"176","0","176",0.04108720787781,210.37440950192405
39,"38",0.000000000000000,"177","0","177",0.04139188815608,208.68132463133901
39,"38",0.000000000000000,"178","0","178",0.04154216880244,222.02332017112161
39,"38",0.000000000000000,"179","0","179",0.04178937194533,221.04280211407425
39,"38",0.000000000000000,"180","0","180",0.04200322620473,229.24727526177449
39,"38",0.000000000000000,"181","0","181",0.04225283027406,228.72443024289817
39,"38",0.000000000000000,"182","0","182",0.04239639524980,224.65015203355151
39,"38",0.000000000000000,"183","0","183",0.04267535187619,222.83835976102691
39,"38",0.000000000000000,"184","0","184",0.04283299134575,222.83835976271905
39,"38",0.000000000000000,"185","0","185",0.04308818101682,223.83184820510624
39,"38",0.000000000000000,"186","0","186",0.04326459348971,223.83184820281639
39,"38",0.000000000000000,"187","0","187",0.04350540029026,221.82461881208485
39,"38",0.000000000000000,"188","0","188",0.04371310772179,212.76179021071533
39,"38",0.000000000000000,"189","0","189",0.04386757386863,217.20461526951863
39,"38",0.000000000000000,"190","0","190",0.04417959693061,226.01676992025693
39,"38",0.000000000000000,"191","0","191",0.04430485212807,224.74450120475433
39,"38",0.000000000000000,"192","0","192",0.04460501234175,247.42149586294664
39,"38",0.000000000000000,"193","0","193",0.04490501333396,290.56679862529256
39,"38",0.000000000000000,"194","0","194",0.04522794173689,319.51205460019230
39,"38",0.000000000000000,"195","0","195",0.04533534846717,266.95258351457767
39,"38",0.000000000000000,"196","0","196",0.04543654608406,216.28728377262095
39,"38",0.000000000000000,"197","0","197",0.04578912482145,221.10864837527328
39,"38",0.000000000000000,"198","0","198",0.04585929705514,220.41046790914021
39,"38",0.000000000000000,"199","0","199",0.04622540067099,227.18980009680621
39,"38",0.000000000000000,"200","0","200",0.04628866094664,203.83924120699871
39,"38",0.000000000000000,"201","0","201",0.04658879071343,200.54632605228619
39,"38",0.000000000000000,"202","0","202",0.04697282635294,220.53777137589947
39,"38",0.000000000000000,"203","0","203",0.04699591443260,201.35825247036561
39,"38",0.000000000000000,"204","0","204",0.04729680872770,185.97179008692709
39,"38",0.000000000000000,"205","0","205",0.04759941485631,205.67937940502395
39,"38",0.000000000000000,"206","0","206",0.04792123259296,268.12270910942402
39,"38",0.000000000000000,"207","0","207",0.04826542864668,314.77572197171645
39,"38",0.000000000000000,"208","0","208",0.04833286930996,273.25485545454836
39,"38",0.000000000000000,"209","0","209",0.04840878627657,199.17063082452296
39,"38",0.000000000000000,"210","0","210",0.04870996472017,158.56462572430340
39,"38",0.000000000000000,"211","0","211",0.04871512522840,143.54015220496925
39,"38",0.000000000000000,"212","0","212",0.04911309836061,126.47380417757172
39,"38",0.000000000000000,"213","0","213",0.04915226855653,93.83184629820866
39,"38",0.000000000000000,"214","0","214",0.04920888142989,63.30610395081456
39,"38",0.000000000000000,"215","0","215",0.04951661199665,95.42198716275792
39,"38",0.000000000000000,"216","0","216",0.04976648064582,156.19148784861312
39,"38",0.000000000000000,"217","0","217",0.05006786170987,173.44044206993635
39,"38",0.000000000000000,"218","0","218",0.05037054293092,174.81235825705406
39,"38",0.000000000000000,"219","0","219",0.05067088715090,157.90986900625518
39,"38",0.000000000000000,"220","0","220",0.05074491608063,133.98820144355761
39,"38",0.000000000000000,"221","0","221",0.05113001282924,148.49661109158208
39,"38",0.000000000000000,"222","0","222",0.05114154104135,163.87411907752085
39,"38",0.000000000000000,"223","0","223",0.05144848659444,184.35120112993096
39,"38",0.000000000000000,"224","0","224",0.05166648504717,202.43872093201193
39,"38",0.000000000000000,"225","0","225",0.05177953424494,159.14376864249149
39,"38",0.000000000000000,"226","0","226",0.05181702252661,130.25287176943829
39,"38",0.000000000000000,"227","0","227",0.05219074208612,157.45642683786787
39,"38",0.000000000000000,"228","0","228",0.05249135141639,179.49533354516632
39,"38",0.000000000000000,"229","0","229",0.05279167000058,184.27374136695076
39,"38",0.000000000000000,"230","0","230",0.05309327204520,203.89594943415972
39,"38",0.000000000000000,"231","0","231",0.05342518044159,228.25889388081589
39,"38",0.000000000000000,"232","0","232",0.05351656645473,232.58797510493341
39,"38",0.000000000000000,"233","0","233",0.05380860150441,220.37740707166651
39,"38",0.000000000000000,"234","0","234",0.05394099319131,217.91850174937989
39,"38",0.000000000000000,"235","0","235",0.05426750318109,219.70244997578288
39,"38",0.000000000000000,"236","0","236",0.05435370824276,197.96823369452844
39,"38",0.000000000000000,"237","0","237",0.05465392070078,160.93930058514536
39,"38",0.000000000000000,"238","0","238",0.05474552989137,115.69791932445582
39,"38",0.000000000000000,"239","0","239",0.05504565781546,112.66094684295501
39,"38",0.000000000000000,"240","0","240",0.05536633982285,134.32448525294816
39,"38",0.000000000000000,"241","0","241",0.05546245007843,139.79390685524433
39,"38",0.000000000000000,"242","0","242",0.05574715987671,159.90429424788076
39,"38",0.000000000000000,"243","0","243",0.05604820657562,152.55165291797530
39,"38",0.000000000000000,"244","0","244",0.05619147877585,135.38429081134450
39,"38",0.000000000000000,"245","0","245",0.05645972666490,163.51917961035267
39,"38",0.000000000000000,"246","0","246",0.05676146451950,183.43737245034555
39,"38",0.000000000000000,"247","0","247",0.05706148836871,176.25314885994118
39,"38",0.000000000000000,"248","0","248",0.05736459949609,193.90301649310720
39,"38",0.000000000000000,"249","0","249",0.05766459083847,220.36144612574063
39,"38",0.000000000000000,"250","0","250",0.05774530399911,203.76699362578032
39,"38",0.000000000000000,"251","0","251",0.05804567116604,188.06521047569760
39,"38",0.000000000000000,"252","0","252",0.05835393564520,206.56605518512160
39,"38",0.000000000000000,"253","0","253",0.05859977249484,241.21934794254915
39,"38",0.000000000000000,"254","0","254",0.05890228956776,236.92322261463144
39,"38",0.000000000000000,"255","0","255",0.05898683017947,196.24337381564544
39,"38",0.000000000000000,"256","0","256",0.05928690090915,181.47796061496180
39,"38",0.000000000000000,"257","0","257",0.05958703486251,181.60641836738452
39,"38",0.000000000000000,"258","0","258",0.05988713783169,162.74002543752169
39,"38",0.000000000000000,"259","0","259",0.06000139067646,139.49215756407690
39,"38",0.000000000000000,"260","0","260",0.06029494336983,160.19049158511709
39,"38",0.000000000000000,"261","0","261",0.06059626869264,175.13128805602693
39,"38",0.000000000000000,"262","0","262",0.06090701663817,173.06081036229517
39,"38",0.000000000000000,"263","0","263",0.06120708632126,165.11343165649771
39,"38",0.000000000000000,"264","0","264",0.06129661686107,143.56960483956814
39,"38",0.000000000000000,"265","0","265",0.06159635570334,155.85821039775783
39,"38",0.000000000000000,"266","0","266",0.06189825525880,173.96960437393057
39,"38",0.000000000000000,"267","0","267",0.06219970945377,178.66785769454287
39,"38",0.000000000000000,"268","0","268",0.06250011180712,153.32608077439895
39,"38",0.000000000000000,"269","0","269",0.06256280178996,130.97410449360515
39,"38",0.000000000000000,"270","0","270",0.06291824412118,131.98620963624430
39,"38",0.000000000000000,"271","0","271",0.06299629103943,108.24582406211660
39,"38",0.000000000000000,"272","0","272",0.06329631891600,111.43838502563010
39,"38",0.000000000000000,"273","0","273",0.06366977598946,130.83842531605171
39,"38",0.000000000000000,"274","0","274",0.06369946909742,111.77609999861774
39,"38",0.000000000000000,"275","0","275",0.06400019108656,114.07255589090560
39,"38",0.000000000000000,"276","0","276",0.06437366924503,137.38681983907350
39,"38",0.000000000000000,"277","0","277",0.06442429126887,115.67597798876884
39,"38",0.000000000000000,"278","0","278",0.06472431713486,112.54610844747332
39,"38",0.000000000000000,"279","0","279",0.06509194990688,138.17698873219834
39,"38",0.000000000000000,"280","0","280",0.06515217499597,139.66526140467155
39,"38",0.000000000000000,"281","0","281",0.06549570629339,137.72024188625949
39,"38",0.000000000000000,"282","0","282",0.06559623248829,115.61926498775181
39,"38",0.000000000000000,"283","0","283",0.06589667624322,115.12470156827246
39,"38",0.000000000000000,"284","0","284",0.06618158434623,149.78313792085950
39,"38",0.000000000000000,"285","0","285",0.06649626223971,151.39639050086791
39,"38",0.000000000000000,"286","0","286",0.06651381764692,138.91617572859039
39,"38",0.000000000000000,"287","0","287",0.06690256460595,134.49655423818518
39,"38",0.000000000000000,"288","0","288",0.06695227857155,137.23165950742805
39,"38",0.000000000000000,"289","0","289",0.06728691339903,143.97491255952616
39,"38",0.000000000000000,"290","0","290",0.06745839621465,148.54221136013970
39,"38",0.000000000000000,"291","0","291",0.06763893092377,169.05860331584375
39,"38",0.000000000000000,"292","0","292",0.06794060645681,211.12374272835021
39,"38",0.000000000000000,"293","0","293",0.06800413415198,229.08597012031723
39,"38",0.000000000000000,"294","0","294",0.06836008614394,201.24105872793976
39,"38",0.000000000000000,"295","0","295",0.06866009831762,200.29308336812213
39,"38",0.000000000000000,"296","0","296",0.06875218162599,240.23119190678997
39,"38",0.000000000000000,"297","0","297",0.06905644933744,258.43677405430714
39,"38",0.000000000000000,"298","0","298",0.06936499824974,245.93573051385280
39,"38",0.000000000000000,"299","0","299",0.06955271909936,242.29766146812145
39,"38",0.000000000000000,"300","0","300",0.06970835598686,261.06087429922133
39,"38",0.000000000000000,"301","0","301",0.07000874512340,271.52521916577365
39,"38",0.000000000000000,"302","0","302",0.07030874594050,269.92356327300752
39,"38",0.000000000000000,"303","0","303",0.07060874969374,243.75949333892163
39,"38",0.000000000000000,"304","0","304",0.07093684895503,218.75543059930132
39,"38",0.000000000000000,"305","0","305",0.07109163040156,222.00419159326111
39,"38",0.000000000000000,"306","0","306",0.07134443429130,218.63627692217415
39,"38",0.000000000000000,"307","0","307",0.07157124422023,223.08986720007832
39,"38",0.000000000000000,"308","0","308",0.07175444515740,228.29571235699285
39,"38",0.000000000000000,"309","0","309",0.07197761753615,224.09177931742977
39,"38",0.000000000000000,"310","0","310",0.07217182497016,229.09253146933651
39,"38",0.000000000000000,"311","0","311",0.07237509122067,226.84986099058409
39,"38",0.000000000000000,"312","0","312",0.07260953570516,200.01661690967319
39,"38",0.000000000000000,"313","0","313",0.07290953938668,212.49873741534219
39,"38",0.000000000000000,"314","0","314",0.07307444611535,237.40156362951157
39,"38",0.000000000000000,"315","0","315",0.07343035615603,209.19590945341437
39,"38",0.000000000000000,"316","0","316",0.07362022130621,206.93500775945941
39,"38",0.000000000000000,"317","0","317",0.07377918669602,229.16978440136589
39,"38",0.000000000000000,"318","0","318",0.07401304017377,229.16978440689161
39,"38",0.000000000000000,"319","0","319",0.07423984156479,233.74035944657280
39,"38",0.000000000000000,"320","0","320",0.07439728233707,265.47253834358554
39,"38",0.000000000000000,"321","0","321",0.07462696872983,301.73217889519924
39,"38",0.000000000000000,"322","0","322",0.07474312893041,289.49982047668885
39,"38",0.000000000000000,"323","0","323",0.07504478161297,265.57171417757104
39,"38",0.000000000000000,"324","0","324",0.07534515475738,280.96624823576229
39,"38",0.000000000000000,"325","0","325",0.07567560213963,305.75442194399739
39,"38",0.000000000000000,"326","0","326",0.07584842206097,303.28294626587461
39,"38",0.000000000000000,"327","0","327",0.07604140442702,257.42287886202809
39,"38",0.000000000000000,"328","0","328",0.07613405724110,179.99999999844650
39,"38",0.000000000000000,"329","0","329",0.07622671005518,134.69534591547367
39,"38",0.000000000000000,"330","0","330",0.07656190480252,131.67639829443493
39,"38",0.000000000000000,"331","0","331",0.07663967919465,131.47004442809913
39,"38",0.000000000000000,"332","0","332",0.07700128852136,137.62872265259443
39,"38",0.000000000000000,"333","0","333",0.07706488899065,93.13973060240068
39,"38",0.000000000000000,"334","0","334",0.07713506436370,45.05634783849838
39,"38",0.000000000000000,"335","0","335",0.07748845864843,70.55652735604116
39,"38",0.000000000000000,"336","0","336",0.07779011133099,128.76800062039800
39,"38",0.000000000000000,"337","0","337",0.07801979772376,195.28346423673216
39,"38",0.000000000000000,"338","0","338",0.07811614014290,227.01564313506853
39,"38",0.000000000000000,"339","0","339",0.07845107314770,228.31719732983157
39,"38",0.000000000000000,"340","0","340",0.07853163599022,243.96859766880152
39,"38",0.000000000000000,"341","0","341",0.07884041752214,262.94851656011309
39,"38",0.000000000000000,"342","0","342",0.07914042504547,287.58295372637912
39,"38",0.000000000000000,"343","0","343",0.07935572541552,314.20671370818764
39,"38",0.000000000000000,"344","0","344",0.07956246935693,323.57492700928873
39,"38",0.000000000000000,"345","0","345",0.07972897622402,319.89134245136182
39,"38",0.000000000000000,"346","0","346",0.08001826329891,308.77982361999432
39,"38",0.000000000000000,"347","0","347",0.08019476887495,308.54253197411003
39,"38",0.000000000000000,"348","0","348",0.08040754269584,310.56706583923909
39,"38",0.000000000000000,"349","0","349",0.08066114940112,310.56706584137783
39,"38",0.000000000000000,"350","0","350",0.08079575056750,290.82650656003517
39,"38",0.000000000000000,"351","0","351",0.08109626315964,289.35580952286705
39,"38",0.000000000000000,"352","0","352",0.08142820902427,301.39141372968845
39,"38",0.000000000000000,"353","0","353",0.08148545673663,279.53163284760035
39,"38",0.000000000000000,"354","0","354",0.08178558283637,269.76853308651317
39,"38",0.000000000000000,"355","0","355",0.08208564842896,269.07085222565081
39,"38",0.000000000000000,"356","0","356",0.08238607575381,251.64497381814277
39,"38",0.000000000000000,"357","0","357",0.08238935052443,232.03354033261937
39,"38",0.000000000000000,"358","0","358",0.08279113981798,245.15119894320244
39,"38",0.000000000000000,"359","0","359",0.08302115884158,241.01123011454268
39,"38",0.000000000000000,"360","0","360",0.08313434690725,229.46119343273179
39,"38",0.000000000000000,"361","0","361",0.08348259075814,238.51435501284416
39,"38",0.000000000000000,"362","0","362",0.08354920054390,216.57906270483861
39,"38",0.000000000000000,"363","0","363",0.08386069103080,209.47556659402028
39,"38",0.000000000000000,"364","0","364",0.08409377059409,217.95847500670845
39,"38",0.000000000000000,"365","0","365",0.08424861543676,196.01055479676057
39,"38",0.000000000000000,"366","0","366",0.08454862954384,199.81820547654837
39,"38",0.000000000000000,"367","0","367",0.08488881070224,246.46805630861908
39,"38",0.000000000000000,"368","0","368",0.08518915509309,252.38146021854087
39,"38",0.000000000000000,"369","0","369",0.08527774659262,225.29553035520729
39,"38",0.000000000000000,"370","0","370",0.08564690590610,229.67391855590725
39,"38",0.000000000000000,"371","0","371",0.08567022021455,234.55915194218869
39,"38",0.000000000000000,"372","0","372",0.08604452182868,219.75885490953567
39,"38",0.000000000000000,"373","0","373",0.08610437694816,199.12992743287376
39,"38",0.000000000000000,"374","0","374",0.08640668517863,206.69404823833077
39,"38",0.000000000000000,"375","0","375",0.08672719326505,221.52911871075233
39,"38",0.000000000000000,"376","0","376",0.08682527070987,179.94988120590105
39,"38",0.000000000000000,"377","0","377",0.08692311910358,116.40587259970879
39,"38",0.000000000000000,"378","0","378",0.08722312417212,122.72910529859369
39,"38",0.000000000000000,"379","0","379",0.08746811978755,148.00590999685775
39,"38",0.000000000000000,"380","0","380",0.08777997657559,145.68193182890539
39,"38",0.000000000000000,"381","0","381",0.08784886436966,166.66164598648285
39,"38",0.000000000000000,"382","0","382",0.08814908164702,192.37058840097265
39,"38",0.000000000000000,"383","0","383",0.08820597112771,213.78059663295087
39,"38",0.000000000000000,"384","0","384",0.08855593843296,204.38999572734471
39,"38",0.000000000000000,"385","0","385",0.08885659249045,194.12775995048841
39,"38",0.000000000000000,"386","0","386",0.08893555612082,215.34315850008241
39,"38",0.000000000000000,"387","0","387",0.08926522343681,202.97889389500929
39,"38",0.000000000000000,"388","0","388",0.08956522636160,174.28318504987715
39,"38",0.000000000000000,"389","0","389",0.08987103028550,169.40732629944648
39,"38",0.000000000000000,"390","0","390",0.09017566269349,196.87347933544879
39,"38",0.000000000000000,"391","0","391",0.09042953411790,224.62252565611703
39,"38",0.000000000000000,"392","0","392",0.09059589495175,224.59696952251679
39,"38",0.000000000000000,"393","0","393",0.09085839211776,224.38999260923919
39,"38",0.000000000000000,"394","0","394",0.09101449027706,225.05836907402559
39,"38",0.000000000000000,"395","0","395",0.09128226561177,222.64775845788347
39,"38",0.000000000000000,"396","0","396",0.09142742588263,221.95875186834272
39,"38",0.000000000000000,"397","0","397",0.09172609615009,227.15748522279489
39,"38",0.000000000000000,"398","0","398",0.09185847378554,213.96589886272608
39,"38",0.000000000000000,"399","0","399",0.09217264787618,225.16199634274119
39,"38",0.000000000000000,"400","0","400",0.09228171003035,257.69821251108357
39,"38",0.000000000000000,"401","0","401",0.09258440510293,279.60037495944613
39,"38",0.000000000000000,"402","0","402",0.09274403270822,305.92609294130705
39,"38",0.000000000000000,"403","0","403",0.09296689052863,314.18264574262355
39,"38",0.000000000000000,"404","0","404",0.09317429793559,313.07582470291970
39,"38",0.000000000000000,"405","0","405",0.09337762050789,325.30459008860191
39,"38",0.000000000000000,"406","0","406",0.09355244350681,322.42058141607873
39,"38",0.000000000000000,"407","0","407",0.09384552550613,309.24199657829047
39,"38",0.000000000000000,"408","0","408",0.09403209958322,328.50379062795116
39,"38",0.000000000000000,"409","0","409",0.09434191112657,334.80778207575696
39,"38",0.000000000000000,"410","0","410",0.09448309526619,321.02026640730116
39,"38",0.000000000000000,"411","0","411",0.09473307311404,340.75431831877069
39,"38",0.000000000000000,"412","0","412",0.09503364719238,0.45482082891617
39,"38",0.000000000000000,"413","0","413",0.09533396402655,336.18395117912343
39,"38",0.000000000000000,"414","0","414",0.09552827936903,313.00551731047329
39,"38",0.000000000000000,"415","0","415",0.09577606544287,313.00551731047329
39,"38",0.000000000000000,"416","0","416",0.09593590663045,316.84644326826680
39,"38",0.000000000000000,"417","0","417",0.09618481457283,316.84644326901679
39,"38",0.000000000000000,"418","0","418",0.09637671929163,313.96812172999211
39,"38",0.000000000000000,"419","0","419",0.09661792114619,358.99285899780040
39,"38",0.000000000000000,"420","0","420",0.09686743724304,45.02473726938099
39,"38",0.000000000000000,"421","0","421",0.09704240076344,40.88787009410705
39,"38",0.000000000000000,"422","0","422",0.09733684985476,29.13913934290158
39,"38",0.000000000000000,"423","0","423",0.09740579936294,6.45341454794662
39,"38",0.000000000000000,"424","0","424",0.09757489277754,332.84397420999517
39,"38",0.000000000000000,"425","0","425",0.09776510159802,324.84708315917709
39,"38",0.000000000000000,"426","0","426",0.09809502120084,311.61840694342305
39,"38",0.000000000000000,"427","0","427",0.09812290689303,280.78878205336537
39,"38",0.000000000000000,"428","0","428",0.09842355102723,294.19456296165987
39,"38",0.000000000000000,"429","0","429",0.09881037787639,306.40289731491436
39,"38",0.000000000000000,"430","0","430",0.09883845147147,305.98596220614502
39,"38",0.000000000000000,"431","0","431",0.09925271084171,310.36451897807467
39,"38",0.000000000000000,"432","0","432",0.09925399184875,289.23423476652221
39,"38",0.000000000000000,"433","0","433",0.09955410072933,272.09347365235465
39,"38",0.000000000000000,"434","0","434",0.09985442032150,292.81082295059559
39,"38",0.000000000000000,"435","0","435",0.10026117995919,307.89758859019446
39,"38",0.000000000000000,"436","0","436",0.10026404637725,287.57767022220810
39,"38",0.000000000000000,"437","0","437",0.10056429637978,271.74937376594431
39,"38",0.000000000000000,"438","0","438",0.10086435792276,275.26016619125318
39,"38",0.000000000000000,"439","0","439",0.10116840592719,276.43253970245206
39,"38",0.000000000000000,"440","0","440",0.10146896820429,276.99437529773792
39,"38",0.000000000000000,"441","0","441",0.10177406105851,295.54256874186859
39,"38",0.000000000000000,"442","0","442",0.10201496920737,291.94369441273022
39,"38",0.000000000000000,"443","0","443",0.10213225172181,270.89267746444625
39,"38",0.000000000000000,"444","0","444",0.10238897556192,254.54151198307497
39,"38",0.000000000000000,"445","0","445",0.10243875810420,236.37911220669187
39,"38",0.000000000000000,"446","0","446",0.10281856027002,250.94107913794892
39,"38",0.000000000000000,"447","0","447",0.10311856418202,257.43103958776686
39,"38",0.000000000000000,"448","0","448",0.10321638499295,233.65753550849365
39,"38",0.000000000000000,"449","0","449",0.10353109049765,246.78103198063533
39,"38",0.000000000000000,"450","0","450",0.10383118029151,267.12313168485355
39,"38",0.000000000000000,"451","0","451",0.10413353504706,262.75006839114559
39,"38",0.000000000000000,"452","0","452",0.10441826024762,253.23065512490953
39,"38",0.000000000000000,"453","0","453",0.10443788663414,275.69560419745648
39,"38",0.000000000000000,"454","0","454",0.10445209022433,295.48265147395188
39,"38",0.000000000000000,"455","0","455",0.10474889063603,280.83384933279370
39,"38",0.000000000000000,"456","0","456",0.10505205677980,275.28519715748115
39,"38",0.000000000000000,"457","0","457",0.10535229499860,265.59659568804142
39,"38",0.000000000000000,"458","0","458",0.10565800306196,261.02104149778677
39,"38",0.000000000000000,"459","0","459",0.10596017168677,266.95086621723675
39,"38",0.000000000000000,"460","0","460",0.10626019880001,270.08351612163511
39,"38",0.000000000000000,"461","0","461",0.10656021542898,291.65486750621011
39,"38",0.000000000000000,"462","0","462",0.10694910849737,312.76160682082286
39,"38",0.000000000000000,"463","0","463",0.10697564901264,292.14697550096599
39,"38",0.000000000000000,"464","0","464",0.10727597840940,270.59784279859929
39,"38",0.000000000000000,"465","0","465",0.10757607961325,268.68489034508178
39,"38",0.000000000000000,"466","0","466",0.10787613923253,266.51263326069767
39,"38",0.000000000000000,"467","0","467",0.10805240484092,257.80589758483120
39,"38",0.000000000000000,"468","0","468",0.10818388682590,271.03743971788356
39,"38",0.000000000000000,"469","0","469",0.10830263828430,282.17589674378195
39,"38",0.000000000000000,"470","0","470",0.10849190117039,271.80711786334297
39,"38",0.000000000000000,"471","0","471",0.10879190169377,254.66884939293428
39,"38",0.000000000000000,"472","0","472",0.10881496222360,233.71715161764601
39,"38",0.000000000000000,"473","0","473",0.10919199179327,251.57969057348953
39,"38",0.000000000000000,"474","0","474",0.10949321717049,274.33560674705927
39,"38",0.000000000000000,"475","0","475",0.10979377822891,272.64456361959873
39,"38",0.000000000000000,"476","0","476",0.11009392431877,244.43167660818969
39,"38",0.000000000000000,"477","0","477",0.11022243303549,224.98450194795728
39,"38",0.000000000000000,"478","0","478",0.11050145770281,247.79498340225595
39,"38",0.000000000000000,"479","0","479",0.11080391154199,266.26155820127025
39,"38",0.000000000000000,"480","0","480",0.11110391291717,254.27250544183713
39,"38",0.000000000000000,"481","0","481",0.11128168505874,234.61470714238263
39,"38",0.000000000000000,"482","0","482",0.11147355033336,249.46074856782877
39,"38",0.000000000000000,"483","0","483",0.11177366580226,268.93825551307140
39,"38",0.000000000000000,"484","0","484",0.11207367883542,269.88764213498746
39,"38",0.000000000000000,"485","0","485",0.11237368320812,269.24796053398728
39,"38",0.000000000000000,"486","0","486",0.11267383353193,265.32498910929303
39,"38",0.000000000000000,"487","0","487",0.11297644772700,238.81352141911145
39,"38",0.000000000000000,"488","0","488",0.11312237481163,220.01716268023233
39,"38",0.000000000000000,"489","0","489",0.11342847803110,247.98483498465981
39,"38",0.000000000000000,"490","0","490",0.11372853322529,274.21819498269753
39,"38",0.000000000000000,"491","0","491",0.11403101012682,274.05065411699485
39,"38",0.000000000000000,"492","0","492",0.11433103679240,267.26469697989342
39,"38",0.000000000000000,"493","0","493",0.11463282162568,264.74241735955195
39,"38",0.000000000000000,"494","0","494",0.11493366085097,265.90457824237018
39,"38",0.000000000000000,"495","0","495",0.11523436082824,250.90709241338169
39,"38",0.000000000000000,"496","0","496",0.11533329159241,232.91134637761775
39,"38",0.000000000000000,"497","0","497",0.11561778717761,253.76838384524433
39,"38",0.000000000000000,"498","0","498",0.11592033324764,275.47254396481628
39,"38",0.000000000000000,"499","0","499",0.11622089598757,249.90696996301952
39,"38",0.000000000000000,"500","0","500",0.11647430953734,227.76319396799747
39,"38",0.000000000000000,"501","0","501",0.11662851723846,247.07225296723257
39,"38",0.000000000000000,"502","0","502",0.11692969774656,263.20878110926634
39,"38",0.000000000000000,"503","0","503",0.11723303580013,243.24607424929664
39,"38",0.000000000000000,"504","0","504",0.11741371419586,221.60620733473749
39,"38",0.000000000000000,"505","0","505",0.11769216072645,247.15022726248165
39,"38",0.000000000000000,"506","0","506",0.11799386229174,275.49811408650982
39,"38",0.000000000000000,"507","0","507",0.11829496641685,249.95409416102703
39,"38",0.000000000000000,"508","0","508",0.11849151080035,226.56239752727168
39,"38",0.000000000000000,"509","0","509",0.11870776386082,250.06076136759685
39,"38",0.000000000000000,"510","0","510",0.11900794612592,248.49836384117711
39,"38",0.000000000000000,"511","0","511",0.11924285818767,228.59500146558028
39,"38",0.000000000000000,"512","0","512",0.11941233153372,248.51540537248979
39,"38",0.000000000000000,"513","0","513",0.11971355186848,244.92040390750117
39,"38",0.000000000000000,"514","0","514",0.11995258014280,221.64044282961819
39,"38",0.000000000000000,"515","0","515",0.12016400524700,245.80618719875565
39,"38",0.000000000000000,"516","0","516",0.12046451309635,249.16574437034177
39,"38",0.000000000000000,"517","0","517",0.12067876388792,225.05576532043989
39,"38",0.000000000000000,"518","0","518",0.12088836954887,249.87960899536765
39,"38",0.000000000000000,"519","0","519",0.12118935926823,269.70308699804121
39,"38",0.000000000000000,"520","0","520",0.12149061899487,287.34658283751412
39,"38",0.000000000000000,"521","0","521",0.12172594241200,312.46733951269800
39,"38",0.000000000000000,"522","0","522",0.12189502503794,269.65949656603448
39,"38",0.000000000000000,"523","0","523",0.12206213329704,176.20310220754314
39,"38",0.000000000000000,"524","0","524",0.12221046851160,133.52510138830394
39,"38",0.000000000000000,"525","0","525",0.12248688621236,177.96643027663188
39,"38",0.000000000000000,"526","0","526",0.12278865302827,214.64754401783503
39,"38",0.000000000000000,"527","0","527",0.12285835833334,220.05006283857747
39,"38",0.000000000000000,"528","0","528",0.12321314997234,231.01530314884920
39,"38",0.000000000000000,"529","0","529",0.12331853740580,230.90434692678139
39,"38",0.000000000000000,"530","0","530",0.12360917790822,228.68517245105409
39,"38",0.000000000000000,"531","0","531",0.12377012049847,205.54721967673504
39,"38",0.000000000000000,"532","0","532",0.12407019503651,202.89639172763853
39,"38",0.000000000000000,"533","0","533",0.12431317347970,224.75784737595188
39,"38",0.000000000000000,"534","0","534",0.12449241398084,200.31901781408004
39,"38",0.000000000000000,"535","0","535",0.12479328546646,202.17241941831995
39,"38",0.000000000000000,"536","0","536",0.12505433984079,220.56578398353369
39,"38",0.000000000000000,"537","0","537",0.12520565785233,191.67116071704001
39,"38",0.000000000000000,"538","0","538",0.12550946694281,185.04245571406017
39,"38",0.000000000000000,"539","0","539",0.12582707393276,189.46091234500631
39,"38",0.000000000000000,"540","0","540",0.12612707668736,201.78285945577773
39,"38",0.000000000000000,"541","0","541",0.12636372586249,216.14869134385052
39,"38",0.000000000000000,"542","0","542",0.12651075443322,194.85932810499256
39,"38",0.000000000000000,"543","0","543",0.12681082385879,178.78101190554827
39,"38",0.000000000000000,"544","0","544",0.12711144050972,177.52218137471499
39,"38",0.000000000000000,"545","0","545",0.12741151599059,179.41534725806997
39,"38",0.000000000000000,"546","0","546",0.12771151660368,179.81551041381852
39,"38",0.000000000000000,"547","0","547",0.12801152734372,183.10976757079408
39,"38",0.000000000000000,"548","0","548",0.12831359293040,205.50761538038901
39,"38",0.000000000000000,"549","0","549",0.12862289452409,219.07436481217533
39,"38",0.000000000000000,"550","0","550",0.12871761465397,195.55201011826725
39,"38",0.000000000000000,"551","0","551",0.12901795647589,184.88658579795359
39,"38",0.000000000000000,"552","0","552",0.12932524865269,209.25739267035144
39,"38",0.000000000000000,"553","0","553",0.12959634215305,242.42575296612600
39,"38",0.000000000000000,"554","0","554",0.12990212042184,240.21462875773119
39,"38",0.000000000000000,"555","0","555",0.12997237149108,225.26757773435281
39,"38",0.000000000000000,"556","0","556",0.13030834928845,247.19980981301893
39,"38",0.000000000000000,"557","0","557",0.13060929773035,252.40227038438283
39,"38",0.000000000000000,"558","0","558",0.13071814464188,240.38170341232117
39,"38",0.000000000000000,"559","0","559",0.13095315770690,260.19004591989210
39,"38",0.000000000000000,"560","0","560",0.13125687312209,275.24685232178007
39,"38",0.000000000000000,"561","0","561",0.13155697906654,268.67086081835174
39,"38",0.000000000000000,"562","0","562",0.13185777949239,263.91837531688907
39,"38",0.000000000000000,"563","0","563",0.13216071476617,262.13776596739621
39,"38",0.000000000000000,"564","0","564",0.13246347449225,263.32317141091698
39,"38",0.000000000000000,"565","0","565",0.13276491916875,244.98086402962355
39,"38",0.000000000000000,"566","0","566",0.13292007321053,225.68741899837900
39,"38",0.000000000000000,"567","0","567",0.13318397288496,245.23260048256003
39,"38",0.000000000000000,"568","0","568",0.13348527871786,253.39487301477635
39,"38",0.000000000000000,"569","0","569",0.13367350567784,233.52368723479131
39,"38",0.000000000000000,"570","0","570",0.13386272072449,243.90612012749244
39,"38",0.000000000000000,"571","0","571",0.13416504494128,238.53661681169709
39,"38",0.000000000000000,"572","0","572",0.13432050599387,219.57006338632661
39,"38",0.000000000000000,"573","0","573",0.13462147112805,224.91087124783724
39,"38",0.000000000000000,"574","0","574",0.13474425704874,205.69638907385155
39,"38",0.000000000000000,"575","0","575",0.13504621528293,181.96036430554287
39,"38",0.000000000000000,"576","0","576",0.13534652634756,177.56556966095141
39,"38",0.000000000000000,"577","0","577",0.13564676004764,170.84754181386015
39,"38",0.000000000000000,"578","0","578",0.13595891886414,162.08428268292863
39,"38",0.000000000000000,"579","0","579",0.13598599857261,164.58690473155551
39,"38",0.000000000000000,"580","0","580",0.13626569279384,180.13867006317327
39,"38",0.000000000000000,"581","0","581",0.13653861831303,189.24856647054199
39,"38",0.000000000000000,"582","0","582",0.13657125466320,167.63785631516237
39,"38",0.000000000000000,"583","0","583",0.13657897372683,144.03092685248399
39,"38",0.000000000000000,"584","0","584",0.13696222655770,155.06093841951758
39,"38",0.000000000000000,"585","0","585",0.13726671060019,152.57739864938083
39,"38",0.000000000000000,"586","0","586",0.13726871653334,118.38567669083368
39,"38",0.000000000000000,"587","0","587",0.13757516121565,124.77044011439648
39,"38",0.000000000000000,"588","0","588",0.13785422748792,150.22882421475165
39,"38",0.000000000000000,"589","0","589",0.13818368586795,137.09476159556021
39,"38",0.000000000000000,"590","0","590",0.13819759719430,133.23340022507068
39,"38",0.000000000000000,"591","0","591",0.13856398456573,135.10966413286079
39,"38",0.000000000000000,"592","0","592",0.13865926531975,111.14576964675057
39,"38",0.000000000000000,"593","0","593",0.13896154269568,104.85174553857560
39,"38",0.000000000000000,"594","0","594",0.13928665159382,113.80328746260481
39,"38",0.000000000000000,"595","0","595",0.13948273797639,144.01543680392697
39,"38",0.000000000000000,"596","0","596",0.13978493289796,157.45887989111361
39,"38",0.000000000000000,"597","0","597",0.13992383155047,140.78785470132004
39,"38",0.000000000000000,"598","0","598",0.14017383333081,156.14225830713582
39,"38",0.000000000000000,"599","0","599",0.14047639678263,182.32588211280884
39,"38",0.000000000000000,"600","0","600",0.14078323091603,174.54429788393992
39,"38",0.000000000000000,"601","0","601",0.14110920373984,193.18399698538980
39,"38",0.000000000000000,"602","0","602",0.14145686638561,227.07387877974404
39,"38",0.000000000000000,"603","0","603",0.14156068413430,214.43049495216331
39,"38",0.000000000000000,"604","0","604",0.14188935144969,214.68266128763935
39,"38",0.000000000000000,"605","0","605",0.14201980810586,225.56351971013851
39,"38",0.000000000000000,"606","0","606",0.14231877516682,204.49958502545283
39,"38",0.000000000000000,"607","0","607",0.14261922321124,207.78476252713716
39,"38",0.000000000000000,"608","0","608",0.14270628059879,228.28145605650445
39,"38",0.000000000000000,"609","0","609",0.14305026749302,213.26301585691829
39,"38",0.000000000000000,"610","0","610",0.14320905312122,215.76984452231139
39,"38",0.000000000000000,"611","0","611",0.14344320914563,223.91147715023547
39,"38",0.000000000000000,"612","0","612",0.14363985441731,221.04437516129249
39,"38",0.000000000000000,"613","0","613",0.14384149719735,206.65145274791868
39,"38",0.000000000000000,"614","0","614",0.14414603249899,186.73885618506600
39,"38",0.000000000000000,"615","0","615",0.14444661811425,203.29168112144643
39,"38",0.000000000000000,"616","0","616",0.14457905481053,224.56787728102992
39,"38",0.000000000000000,"617","0","617",0.14487219009114,201.82468645740235
39,"38",0.000000000000000,"618","0","618",0.14517247136410,199.35324372440235
39,"38",0.000000000000000,"619","0","619",0.14532686521305,226.80201360861403
39,"38",0.000000000000000,"620","0","620",0.14562823713255,227.10443313510837
39,"38",0.000000000000000,"621","0","621",0.14572002629300,221.43452772092297
39,"38",0.000000000000000,"622","0","622",0.14602721394638,219.82563376139589
39,"38",0.000000000000000,"623","0","623",0.14618463130261,221.78682561852600
39,"38",0.000000000000000,"624","0","624",0.14643484805525,220.24104412370380
39,"38",0.000000000000000,"625","0","625",0.14664687385006,244.31438685642317
39,"38",0.000000000000000,"626","0","626",0.14694732685065,271.16015734057009
39,"38",0.000000000000000,"627","0","627",0.14724735805634,264.19191074783856
39,"38",0.000000000000000,"628","0","628",0.14755275734219,287.39108800521245
39,"38",0.000000000000000,"629","0","629",0.14785754660611,0.40391017313832
39,"38",0.000000000000000,"630","0","630",0.14815804368737,51.15999377291352
39,"38",0.000000000000000,"631","0","631",0.14832070801442,50.38890276746154
39,"38",0.000000000000000,"632","0","632",0.14855731440132,43.75807787233382
39,"38",0.000000000000000,"633","0","633",0.14873600509299,22.61286358147556
39,"38",0.000000000000000,"634","0","634",0.14903609508622,26.57091413118530
39,"38",0.000000000000000,"635","0","635",0.14925122806665,42.67514928373729
39,"38",0.000000000000000,"636","0","636",0.14945148889116,36.13931007034603
39,"38",0.000000000000000,"637","0","637",0.14975421891637,38.00749217641022
39,"38",0.000000000000000,"638","0","638",0.14983426151245,42.78308333472527
39,"38",0.000000000000000,"639","0","639",0.15017145642167,46.60905306835838
39,"38",0.000000000000000,"640","0","640",0.15027798643028,26.49431427912567
39,"38",0.000000000000000,"641","0","641",0.15058092625811,39.29778752917393
39,"38",0.000000000000000,"642","0","642",0.15077447820310,57.80347325231872
39,"38",0.000000000000000,"643","0","643",0.15110785317190,35.34058973810932
39,"38",0.000000000000000,"644","0","644",0.15125615445218,34.75393790701443
39,"38",0.000000000000000,"645","0","645",0.15148673294402,12.64379587170635
39,"38",0.000000000000000,"646","0","646",0.15180315296864,11.74743625438475
39,"38",0.000000000000000,"647","0","647",0.15216298844763,44.43553628255019
39,"38",0.000000000000000,"648","0","648",0.15221083840040,25.55171790374566
39,"38",0.000000000000000,"649","0","649",0.15251167200751,2.76657848010164
39,"38",0.000000000000000,"650","0","650",0.15281174535108,6.29684200413760
39,"38",0.000000000000000,"651","0","651",0.15311770462174,0.56475575995851
39,"38",0.000000000000000,"652","0","652",0.15342251954560,354.35776240860099
39,"38",0.000000000000000,"653","0","653",0.15372257355453,358.92974089015013
39,"38",0.000000000000000,"654","0","654",0.15402262426445,0.77651244319579
39,"38",0.000000000000000,"655","0","655",0.15432293494258,342.07952753559994
39,"38",0.000000000000000,"656","0","656",0.15443951974636,318.64471391454413
39,"38",0.000000000000000,"657","0","657",0.15473093319282,312.91338082971771
39,"38",0.000000000000000,"658","0","658",0.15485721039649,288.90547696327326
39,"38",0.000000000000000,"659","0","659",0.15515744787554,267.51617108583264
39,"38",0.000000000000000,"660","0","660",0.15545777848259,267.44494637568664
39,"38",0.000000000000000,"661","0","661",0.15575804659947,269.68669476466602
39,"38",0.000000000000000,"662","0","662",0.15605819385782,271.31660936050093
39,"38",0.000000000000000,"663","0","663",0.15635822597629,270.05738764514649
39,"38",0.000000000000000,"664","0","664",0.15665824990196,268.71068611445577
39,"38",0.000000000000000,"665","0","665",0.15695840720594,267.61876465254892
39,"38",0.000000000000000,"666","0","666",0.15725879386890,244.80845974878855
39,"38",0.000000000000000,"667","0","667",0.15729632074292,208.85879604748797
39,"38",0.000000000000000,"668","0","668",0.15760718629007,212.17997293088467
39,"38",0.000000000000000,"669","0","669",0.15786248814688,228.53140088222852
39,"38",0.000000000000000,"670","0","670",0.15806095610272,206.90348654984717
39,"38",0.000000000000000,"671","0","671",0.15836255964485,185.31169870302281
39,"38",0.000000000000000,"672","0","672",0.15866357724595,180.16169032443847
39,"38",0.000000000000000,"673","0","673",0.15896445964941,179.81646293501916
39,"38",0.000000000000000,"674","0","674",0.15926520033869,183.21133921932369
39,"38",0.000000000000000,"675","0","675",0.15956546385616,170.06444003386773
39,"38",0.000000000000000,"676","0","676",0.15988964911807,167.65159540952013
39,"38",0.000000000000000,"677","0","677",0.16018991803602,200.49894833966513
39,"38",0.000000000000000,"678","0","678",0.16051272029379,229.45573141190317
39,"38",0.000000000000000,"679","0","679",0.16062841436340,238.51282449881768
39,"38",0.000000000000000,"680","0","680",0.16086122122610,271.25861428804996
39,"38",0.000000000000000,"681","0","681",0.16107677305651,310.47365158973855
39,"38",0.000000000000000,"682","0","682",0.16125586638382,319.28655492745747
39,"38",0.000000000000000,"683","0","683",0.16147297780767,316.13016744762791
39,"38",0.000000000000000,"684","0","684",0.16168919739364,311.93025508966792
39,"38",0.000000000000000,"685","0","685",0.16192271099633,357.50343425624959
39,"38",0.000000000000000,"686","0","686",0.16217580441792,41.14692525411104
39,"38",0.000000000000000,"687","0","687",0.16232756985894,349.58590624842719
39,"38",0.000000000000000,"688","0","688",0.16243611709102,285.87381543443360
39,"38",0.000000000000000,"689","0","689",0.16273611730767,270.33077566893104
39,"38",0.000000000000000,"690","0","690",0.16303613335968,292.00430256001641
39,"38",0.000000000000000,"691","0","691",0.16338465000368,317.14073480672278
39,"38",0.000000000000000,"692","0","692",0.16345886962866,294.48036448240811
39,"38",0.000000000000000,"693","0","693",0.16375903549534,267.55000172494027
39,"38",0.000000000000000,"694","0","694",0.16405944587168,270.24946975950661
39,"38",0.000000000000000,"695","0","695",0.16436000458792,276.99943218869572
39,"38",0.000000000000000,"696","0","696",0.16466511836643,275.53827847230161
39,"38",0.000000000000000,"697","0","697",0.16496513330636,268.57635019738194
39,"38",0.000000000000000,"698","0","698",0.16526566825692,252.14824190232139
39,"38",0.000000000000000,"699","0","699",0.16543587475364,231.11536530676648
39,"38",0.000000000000000,"700","0","700",0.16565853443049,245.80169318369491
39,"38",0.000000000000000,"701","0","701",0.16595892224655,266.54399948884316
39,"38",0.000000000000000,"702","0","702",0.16625965490312,263.39452103044118
39,"38",0.000000000000000,"703","0","703",0.16656357352880,266.11590041595656
39,"38",0.000000000000000,"704","0","704",0.16686366863422,271.61974889340735
39,"38",0.000000000000000,"705","0","705",0.16716381624183,257.92568918804125
39,"38",0.000000000000000,"706","0","706",0.16733137618554,233.77888655006177
39,"38",0.000000000000000,"707","0","707",0.16754829809182,243.62655426520195
39,"38",0.000000000000000,"708","0","708",0.16785009200335,263.55166913688913
39,"38",0.000000000000000,"709","0","709",0.16815212183661,262.61644033096655
39,"38",0.000000000000000,"710","0","710",0.16845516051511,264.80922943449514
39,"38",0.000000000000000,"711","0","711",0.16875539421590,260.99570553155570
39,"38",0.000000000000000,"712","0","712",0.16882980114124,240.33997315672983
39,"38",0.000000000000000,"713","0","713",0.16914503121970,243.55763976037957
39,"38",0.000000000000000,"714","0","714",0.16944903783830,264.65438313957497
39,"38",0.000000000000000,"715","0","715",0.16974912472485,244.87693620800897
39,"38",0.000000000000000,"716","0","716",0.16978405239197,222.49067205421011
39,"38",0.000000000000000,"717","0","717",0.17018393978056,246.72898029678555
39,"38",0.000000000000000,"718","0","718",0.17048394675596,250.88837066640613
39,"38",0.000000000000000,"719","0","719",0.17049954393386,228.96362111213480
39,"38",0.000000000000000,"720","0","720",0.17090109718949,239.54018740416856
39,"38",0.000000000000000,"721","0","721",0.17097025392303,242.63737053071384
39,"38",0.000000000000000,"722","0","722",0.17126707637542,251.19197754242109
39,"38",0.000000000000000,"723","0","723",0.17156708481634,266.74498146632453
39,"38",0.000000000000000,"724","0","724",0.17186929896657,244.25091190151360
39,"38",0.000000000000000,"725","0","725",0.17198731696932,225.75307819670871
39,"38",0.000000000000000,"726","0","726",0.17228713851156,244.13703563382359
39,"38",0.000000000000000,"727","0","727",0.17258993315200,249.35042681741999
39,"38",0.000000000000000,"728","0","728",0.17268217890639,231.71737017182221
39,"38",0.000000000000000,"729","0","729",0.17298749068531,245.10147857658697
39,"38",0.000000000000000,"730","0","730",0.17328957874195,264.31212167305767
39,"38",0.000000000000000,"731","0","731",0.17359056315741,241.44784923490809
39,"38",0.000000000000000,"732","0","732",0.17363063443013,220.80173352064901
39,"38",0.000000000000000,"733","0","733",0.17402684139128,219.92293690787923
39,"38",0.000000000000000,"734","0","734",0.17404574988805,199.79819049222513
39,"38",0.000000000000000,"735","0","735",0.17434641895028,205.42311698148868
39,"38",0.000000000000000,"736","0","736",0.17471395367084,232.96151947371115
39,"38",0.000000000000000,"737","0","737",0.17480968918713,231.43480335913580
39,"38",0.000000000000000,"738","0","738",0.17512372004316,232.93472224172743
39,"38",0.000000000000000,"739","0","739",0.17528080581564,214.18209212695672
39,"38",0.000000000000000,"740","0","740",0.17558272548996,203.20826894113011
39,"38",0.000000000000000,"741","0","741",0.17578118249702,222.47601044857359
39,"38",0.000000000000000,"742","0","742",0.17599029708497,202.78631260161373
39,"38",0.000000000000000,"743","0","743",0.17629031206820,181.12930686563749
39,"38",0.000000000000000,"744","0","744",0.17659044199894,204.34387538039769
39,"38",0.000000000000000,"745","0","745",0.17678227928650,213.51127589333865
39,"38",0.000000000000000,"746","0","746",0.17696233173322,190.34743091714296
39,"38",0.000000000000000,"747","0","747",0.17726235249592,168.28802654738189
39,"38",0.000000000000000,"748","0","748",0.17742197219537,142.14270831058019
39,"38",0.000000000000000,"749","0","749",0.17767046013968,149.28781837404276
39,"38",0.000000000000000,"750","0","750",0.17797490975589,150.23039107243889
39,"38",0.000000000000000,"751","0","751",0.17804483682867,135.34928659323538
39,"38",0.000000000000000,"752","0","752",0.17837538387741,157.82012896536165
39,"38",0.000000000000000,"753","0","753",0.17867643519793,180.48116014438321
39,"38",0.000000000000000,"754","0","754",0.17897795336442,166.21301945235240
39,"38",0.000000000000000,"755","0","755",0.17914998839333,143.24884728156283
39,"38",0.000000000000000,"756","0","756",0.17935449344589,137.02411419365774
39,"38",0.000000000000000,"757","0","757",0.17958902097666,133.17335998688554
39,"38",0.000000000000000,"758","0","758",0.17979242159089,129.14364077614633
39,"38",0.000000000000000,"759","0","759",0.17997714944093,113.28992613057532
39,"38",0.000000000000000,"760","0","760",0.18028217476495,118.56985488624312
39,"38",0.000000000000000,"761","0","761",0.18046876269772,132.99874616355322
39,"38",0.000000000000000,"762","0","762",0.18069106474236,117.43673545946986
39,"38",0.000000000000000,"763","0","763",0.18100254003180,122.85791221671899
39,"38",0.000000000000000,"764","0","764",0.18110095098896,138.12408082837047
39,"38",0.000000000000000,"765","0","765",0.18144279746592,126.59239841629677
39,"38",0.000000000000000,"766","0","766",0.18156053178509,126.30787236078341
39,"38",0.000000000000000,"767","0","767",0.18183926825260,127.89550148501162
39,"38",0.000000000000000,"768","0","768",0.18203983926742,151.07745700896035
39,"38",0.000000000000000,"769","0","769",0.18234000921523,199.93020573214309
39,"38",0.000000000000000,"770","0","770",0.18260549470298,244.38638276322516
39,"38",0.000000000000000,"771","0","771",0.18290552698237,267.17169965469378
39,"38",0.000000000000000,"772","0","772",0.18320746614154,236.28235612120667
39,"38",0.000000000000000,"773","0","773",0.18327706653379,217.03795232241805
39,"38",0.000000000000000,"774","0","774",0.18365342530789,246.83009771769059
39,"38",0.000000000000000,"775","0","775",0.18395350908773,253.05423925816069
39,"38",0.000000000000000,"776","0","776",0.18400342849611,231.65311533111867
39,"38",0.000000000000000,"777","0","777",0.18436292156015,244.92070682540239
39,"38",0.000000000000000,"778","0","778",0.18466457537703,248.97236349234888
39,"38",0.000000000000000,"779","0","779",0.18469520611334,230.70843334105143
39,"38",0.000000000000000,"780","0","780",0.18506870081341,248.79710038226645
39,"38",0.000000000000000,"781","0","781",0.18536870152133,269.99918072152946
39,"38",0.000000000000000,"782","0","782",0.18566870224800,292.35379634304348
39,"38",0.000000000000000,"783","0","783",0.18602680856907,311.30807024654285
39,"38",0.000000000000000,"784","0","784",0.18608507024617,288.99626836598816
39,"38",0.000000000000000,"785","0","785",0.18638507226309,268.32603930382703
39,"38",0.000000000000000,"786","0","786",0.18668565163943,247.67376606278643
39,"38",0.000000000000000,"787","0","787",0.18671325116057,227.04927088720467
39,"38",0.000000000000000,"788","0","788",0.18710677665641,230.44476031031837
39,"38",0.000000000000000,"789","0","789",0.18714700958668,230.08243910140456
39,"38",0.000000000000000,"790","0","790",0.18752782222179,226.07497189879689
39,"38",0.000000000000000,"791","0","791",0.18756976474958,225.51837308004613
39,"38",0.000000000000000,"792","0","792",0.18796157800053,232.05587789378592
39,"38",0.000000000000000,"793","0","793",0.18799250356335,198.29840314894739
39,"38",0.000000000000000,"794","0","794",0.18805843392336,128.17843411878403
39,"38",0.000000000000000,"795","0","795",0.18836355946616,112.97398737987047
39,"38",0.000000000000000,"796","0","796",0.18868121384821,157.81452772663997
39,"38",0.000000000000000,"797","0","797",0.18898602914663,209.22145358998972
39,"38",0.000000000000000,"798","0","798",0.18926064265523,246.95107191602085
39,"38",0.000000000000000,"799","0","799",0.18956150656774,245.32849196352615
39,"38",0.000000000000000,"800","0","800",0.18969492200693,228.56926626012637
39,"38",0.000000000000000,"801","0","801",0.18995541828712,248.10287622745977
39,"38",0.000000000000000,"802","0","802",0.19025703378660,288.41341377950312
39,"38",0.000000000000000,"803","0","803",0.19053844412793,304.75433474276974
39,"38",0.000000000000000,"804","0","804",0.19064302141528,281.73795292639096
39,"38",0.000000000000000,"805","0","805",0.19094351161194,267.64347553048157
39,"38",0.000000000000000,"806","0","806",0.19124360637100,267.93972639617380
39,"38",0.000000000000000,"807","0","807",0.19154393501363,267.99231282902707
39,"38",0.000000000000000,"808","0","808",0.19184401643239,268.87800086387790
39,"38",0.000000000000000,"809","0","809",0.19192813248414,264.39330734406218
39,"38",0.000000000000000,"810","0","810",0.19214756600047,245.63143968020140
39,"38",0.000000000000000,"811","0","811",0.19253054370120,250.08085368032445
39,"38",0.000000000000000,"812","0","812",0.19283063395803,269.27174090780835
39,"38",0.000000000000000,"813","0","813",0.19313063407798,268.76291037868702
39,"38",0.000000000000000,"814","0","814",0.19343090252284,268.31438247111828
39,"38",0.000000000000000,"815","0","815",0.19357403378345,260.05561119295157
39,"38",0.000000000000000,"816","0","816",0.19373990290142,242.85043309942807
39,"38",0.000000000000000,"817","0","817",0.19410775478701,250.94783996662255
39,"38",0.000000000000000,"818","0","818",0.19440809957972,246.16557286485235
39,"38",0.000000000000000,"819","0","819",0.19443486512947,225.85115794027453
39,"38",0.000000000000000,"820","0","820",0.19482151544882,225.29410179046707
39,"38",0.000000000000000,"821","0","821",0.19486939381429,224.75337429767421
39,"38",0.000000000000000,"822","0","822",0.19524312231948,246.79928159816660
39,"38",0.000000000000000,"823","0","823",0.19554329534476,268.92464070275884
39,"38",0.000000000000000,"824","0","824",0.19584329726940,251.64683496953259
39,"38",0.000000000000000,"825","0","825",0.19588867123952,229.16251294029425
39,"38",0.000000000000000,"826","0","826",0.19626248993579,247.44310815030508
39,"38",0.000000000000000,"827","0","827",0.19656249010082,253.00365561418391
39,"38",0.000000000000000,"828","0","828",0.19662532349751,229.68854938351001
39,"38",0.000000000000000,"829","0","829",0.19698598280327,244.13159720249919
39,"38",0.000000000000000,"830","0","830",0.19728720669923,249.74615054274469
39,"38",0.000000000000000,"831","0","831",0.19730614910737,230.63767216062399
39,"38",0.000000000000000,"832","0","832",0.19769767315227,238.84648222949207
39,"38",0.000000000000000,"833","0","833",0.19779347821381,237.64542694452999
39,"38",0.000000000000000,"834","0","834",0.19809372188012,221.14735595544093
39,"38",0.000000000000000,"835","0","835",0.19820145824288,221.14136071517649
39,"38",0.000000000000000,"836","0","836",0.19853644669781,216.25124863746035
39,"38",0.000000000000000,"837","0","837",0.19860442407877,216.49764326170967
39,"38",0.000000000000000,"838","0","838",0.19898514330473,232.91526854866925
39,"38",0.000000000000000,"839","0","839",0.19904596653755,233.73173062134077
39,"38",0.000000000000000,"840","0","840",0.19938708606736,234.33569675626848
39,"38",0.000000000000000,"841","0","841",0.19952592917507,212.89141051389851
39,"38",0.000000000000000,"842","0","842",0.19982647050544,204.81769263522159
39,"38",0.000000000000000,"843","0","843",0.20004676623535,212.82908546750613
39,"38",0.000000000000000,"844","0","844",0.20020321834427,188.51105076286444
39,"38",0.000000000000000,"845","0","845",0.20050349060299,178.99096835106937
39,"38",0.000000000000000,"846","0","846",0.20080349874086,181.77155054320505
39,"38",0.000000000000000,"847","0","847",0.20110394439179,165.12148505197311
39,"38",0.000000000000000,"848","0","848",0.20121062383939,140.33839244218203
39,"38",0.000000000000000,"849","0","849",0.20151598324726,159.13739105746521
39,"38",0.000000000000000,"850","0","850",0.20181700404040,180.32559921504105
39,"38",0.000000000000000,"851","0","851",0.20211776203663,160.35365045533334
39,"38",0.000000000000000,"852","0","852",0.20226015984076,139.48487105604377
39,"38",0.000000000000000,"853","0","853",0.20252364886946,180.90763126266208
39,"38",0.000000000000000,"854","0","854",0.20277938996875,220.48799078450244
39,"38",0.000000000000000,"855","0","855",0.20293218100786,220.14567478081960
39,"38",0.000000000000000,"856","0","856",0.20322781788892,229.57741513717249
39,"38",0.000000000000000,"857","0","857",0.20338800156689,207.20999050872783
39,"38",0.000000000000000,"858","0","858",0.20368822326242,201.18711015409133
39,"38",0.000000000000000,"859","0","859",0.20393914113550,215.77962741892156
39,"38",0.000000000000000,"860","0","860",0.20406597182343,219.58201117314536
39,"38",0.000000000000000,"861","0","861",0.20438188479165,216.23564681263073
39,"38",0.000000000000000,"862","0","862",0.20447841302747,191.42950162329464
39,"38",0.000000000000000,"863","0","863",0.20477856700517,180.01743429005259
39,"38",0.000000000000000,"864","0","864",0.20507872689177,178.83042706036065
39,"38",0.000000000000000,"865","0","865",0.20537953832295,162.82647143238060
39,"38",0.000000000000000,"866","0","866",0.20541624613355,143.31494707082024
39,"38",0.000000000000000,"867","0","867",0.20578443321207,132.89234659400054
39,"38",0.000000000000000,"868","0","868",0.20584596408194,110.23574781735751
39,"38",0.000000000000000,"869","0","869",0.20614606076241,91.57378470185991
39,"38",0.000000000000000,"870","0","870",0.20644619180055,98.31390541592606
39,"38",0.000000000000000,"871","0","871",0.20675667997450,104.67410151891980
39,"38",0.000000000000000,"872","0","872",0.20706642954951,121.52480398502173
39,"38",0.000000000000000,"873","0","873",0.20718322422980,136.81803017873020
39,"38",0.000000000000000,"874","0","874",0.20749833568395,136.41735513245968
39,"38",0.000000000000000,"875","0","875",0.20760246596922,136.41735513200291
39,"38",0.000000000000000,"876","0","876",0.20792787691783,130.03569177573519
39,"38",0.000000000000000,"877","0","877",0.20804952698871,130.03569177522743
39,"38",0.000000000000000,"878","0","878",0.20833298786097,141.08241031795359
39,"38",0.000000000000000,"879","0","879",0.20845148213061,174.64740095984868
39,"38",0.000000000000000,"880","0","880",0.20862203939236,235.77850822903576
39,"38",0.000000000000000,"881","0","881",0.20892205439336,247.21351758618417
39,"38",0.000000000000000,"882","0","882",0.20911864036809,225.38666565292027
39,"38",0.000000000000000,"883","0","883",0.20934330665722,247.74982265115673
39,"38",0.000000000000000,"884","0","884",0.20964331007982,269.83155268213784
39,"38",0.000000000000000,"885","0","885",0.20994331026236,271.36460515325530
39,"38",0.000000000000000,"886","0","886",0.21024366690822,292.85666099988907
39,"38",0.000000000000000,"887","0","887",0.21045488320159,312.55698030968171
39,"38",0.000000000000000,"888","0","888",0.21065103682387,312.02795891879651
39,"38",0.000000000000000,"889","0","889",0.21090316418632,306.85364906183111
39,"38",0.000000000000000,"890","0","890",0.21103527923758,288.10753325669288
39,"38",0.000000000000000,"891","0","891",0.21133615419717,276.54190466119763
39,"38",0.000000000000000,"892","0","892",0.21163965690255,275.33408439960783
39,"38",0.000000000000000,"893","0","893",0.21193983162351,292.92118593106267
39,"38",0.000000000000000,"894","0","894",0.21215786153473,307.08603637012698
39,"38",0.000000000000000,"895","0","895",0.21232330449842,285.18919632603337
39,"38",0.000000000000000,"896","0","896",0.21262330489960,273.25647788231248
39,"38",0.000000000000000,"897","0","897",0.21292519764394,273.98137691752555
39,"38",0.000000000000000,"898","0","898",0.21322530653484,267.63828831878737
39,"38",0.000000000000000,"899","0","899",0.21352711007180,289.38827208534656
39,"38",0.000000000000000,"900","0","900",0.21381989306192,302.66693016979696
39,"38",0.000000000000000,"901","0","901",0.21391918255300,279.44552497468328
39,"38",0.000000000000000,"902","0","902",0.21421927204850,254.41646918428776
39,"38",0.000000000000000,"903","0","903",0.21427386192804,232.65492164759431
39,"38",0.000000000000000,"904","0","904",0.21463062873849,246.76082305860189
39,"38",0.000000000000000,"905","0","905",0.21493073938881,245.08297574973949
39,"38",0.000000000000000,"906","0","906",0.21498422490209,223.25795436449019
39,"38",0.000000000000000,"907","0","907",0.21535950085683,235.46976876938501
39,"38",0.000000000000000,"908","0","908",0.21544280048446,235.67443515957652
39,"38",0.000000000000000,"909","0","909",0.21575820685437,231.21460936218620
39,"38",0.000000000000000,"910","0","910",0.21590186636441,232.20501436665717
39,"38",0.000000000000000,"911","0","911",0.21614617337876,221.94549053136933
39,"38",0.000000000000000,"912","0","912",0.21631326512558,221.27385976811999
39,"38",0.000000000000000,"913","0","913",0.21659222184001,221.31655083417769
39,"38",0.000000000000000,"914","0","914",0.21672416772460,219.96532212505269
39,"38",0.000000000000000,"915","0","915",0.21704734324913,228.47884071166033
39,"38",0.000000000000000,"916","0","916",0.21715605731450,228.90252465478005
39,"38",0.000000000000000,"917","0","917",0.21746168222950,247.13334937781181
39,"38",0.000000000000000,"918","0","918",0.21776168583408,251.65769898177732
39,"38",0.000000000000000,"919","0","919",0.21789733428420,227.52522380710937
39,"38",0.000000000000000,"920","0","920",0.21818361330747,242.82043539116245
39,"38",0.000000000000000,"921","0","921",0.21848547993831,248.85593588284263
39,"38",0.000000000000000,"922","0","922",0.21857718172612,229.62834024236207
39,"38",0.000000000000000,"923","0","923",0.21889547050782,228.07325578894233
39,"38",0.000000000000000,"924","0","924",0.21901554577609,210.82511689103575
39,"38",0.000000000000000,"925","0","925",0.21932082757423,207.14110073011108
39,"38",0.000000000000000,"926","0","926",0.21953855467901,246.60151494891596
39,"38",0.000000000000000,"927","0","927",0.21983856219936,247.29715652392321
39,"38",0.000000000000000,"928","0","928",0.22003687283461,217.52732459968712
39,"38",0.000000000000000,"929","0","929",0.22035589235531,211.95807964762361
39,"38",0.000000000000000,"930","0","930",0.22038464191977,224.66704619460529
39,"38",0.000000000000000,"931","0","931",0.22072933981790,224.84145489892467
39,"38",0.000000000000000,"932","0","932",0.22085585453462,218.67684119830713
39,"38",0.000000000000000,"933","0","933",0.22119054390554,227.08964368891731
39,"38",0.000000000000000,"934","0","934",0.22127927266041,229.15733759842124
39,"38",0.000000000000000,"935","0","935",0.22159371590843,250.96985628872849
39,"38",0.000000000000000,"936","0","936",0.22189471130849,269.91508075373849
39,"38",0.000000000000000,"937","0","937",0.22219578079130,268.14015351708690
39,"38",0.000000000000000,"938","0","938",0.22249583721122,269.16422359956169
39,"38",0.000000000000000,"939","0","939",0.22279619136826,268.57377350254751
39,"38",0.000000000000000,"940","0","940",0.22309619159076,244.99440205461531
39,"38",0.000000000000000,"941","0","941",0.22319633414956,222.01237340838901
39,"38",0.000000000000000,"942","0","942",0.22353563099678,244.23194866055377
39,"38",0.000000000000000,"943","0","943",0.22383701967041,251.12060595152167
39,"38",0.000000000000000,"944","0","944",0.22388740732889,219.46360800008904
39,"38",0.000000000000000,"945","0","945",0.22420914855220,210.74800091758365
39,"38",0.000000000000000,"946","0","946",0.22442728559664,222.65612915949501
39,"38",0.000000000000000,"947","0","947",0.22461631500168,202.29645794426148
39,"38",0.000000000000000,"948","0","948",0.22491632257392,204.00987509838964
39,"38",0.000000000000000,"949","0","949",0.22514151376792,226.71341715328123
39,"38",0.000000000000000,"950","0","950",0.22535444985102,180.00000000067595
39,"38",0.000000000000000,"951","0","951",0.22556738593412,133.69703089822627
39,"38",0.000000000000000,"952","0","952",0.22578902005240,129.64461150487637
39,"38",0.000000000000000,"953","0","953",0.22595947345471,129.31807168827100
39,"38",0.000000000000000,"954","0","954",0.22625637712029,155.09550197236496
39,"38",0.000000000000000,"955","0","955",0.22655648692720,156.72501089363777
39,"38",0.000000000000000,"956","0","956",0.22665596846427,114.74317011295950
39,"38",0.000000000000000,"957","0","957",0.22695689048614,110.93947890107582
39,"38",0.000000000000000,"958","0","958",0.22729630491901,156.12766226190587
39,"38",0.000000000000000,"959","0","959",0.22759738861503,204.81950479827401
39,"38",0.000000000000000,"960","0","960",0.22794401060444,244.67041897499112
39,"38",0.000000000000000,"961","0","961",0.22824536564040,265.39710192581560
39,"38",0.000000000000000,"962","0","962",0.22854601635316,291.67507515287616
39,"38",0.000000000000000,"963","0","963",0.22894772900317,313.54727456241494
39,"38",0.000000000000000,"964","0","964",0.22898250624477,275.88000755155491
39,"38",0.000000000000000,"965","0","965",0.22902976488297,232.59649037857560
39,"38",0.000000000000000,"966","0","966",0.22940573263668,271.02393574551758
39,"38",0.000000000000000,"967","0","967",0.22976963271525,312.05913546415849
39,"38",0.000000000000000,"968","0","968",0.22984275067097,289.23720156673562
39,"38",0.000000000000000,"969","0","969",0.23014316154279,293.96646152575249
39,"38",0.000000000000000,"970","0","970",0.23048558227218,335.54038856896267
39,"38",0.000000000000000,"971","0","971",0.23078626265640,339.47886984344382
39,"38",0.000000000000000,"972","0","972",0.23084811588786,317.59266253540210
39,"38",0.000000000000000,"973","0","973",0.23122013880256,313.97519200181500
39,"38",0.000000000000000,"974","0","974",0.23125608045700,291.71992924564762
39,"38",0.000000000000000,"975","0","975",0.23155628946377,278.89953539314371
39,"38",0.000000000000000,"976","0","976",0.23187541564845,280.86234564027222
39,"38",0.000000000000000,"977","0","977",0.23217556170353,269.25153621414495
39,"38",0.000000000000000,"978","0","978",0.23247605528831,265.31641045382236
39,"38",0.000000000000000,"979","0","979",0.23277775388200,244.45862679913964
39,"38",0.000000000000000,"980","0","980",0.23289579117541,228.20498069975457
39,"38",0.000000000000000,"981","0","981",0.23317282164562,228.20498069735424
39,"38",0.000000000000000,"982","0","982",0.23335271524776,223.91942705264381
39,"38",0.000000000000000,"983","0","983",0.23360684993743,242.39874286944595
39,"38",0.000000000000000,"984","0","984",0.23390982903221,260.72328487272125
39,"38",0.000000000000000,"985","0","985",0.23421495002378,272.03123400691129
39,"38",0.000000000000000,"986","0","986",0.23452492465753,302.76431674204088
39,"38",0.000000000000000,"987","0","987",0.23479068111354,317.38264831393337
39,"38",0.000000000000000,"988","0","988",0.23497441734218,308.56529125642601
39,"38",0.000000000000000,"989","0","989",0.23528900053427,297.30191810407126
39,"38",0.000000000000000,"990","0","990",0.23532884591067,266.84109979558860
39,"38",0.000000000000000,"991","0","991",0.23536006292521,193.72166622317019
39,"38",0.000000000000000,"992","0","992",0.23540834862002,146.15552736246596
39,"38",0.000000000000000,"993","0","993",0.23571794118915,186.82569491092613
39,"38",0.000000000000000,"994","0","994",0.23594917159038,243.43561099954729
39,"38",0.000000000000000,"995","0","995",0.23625335618331,264.65968352297176
39,"38",0.000000000000000,"996","0","996",0.23655341830934,265.17133706520076
39,"38",0.000000000000000,"997","0","997",0.23685674333543,266.25724071112614
39,"38",0.000000000000000,"998","0","998",0.23715678957172,273.99832267546736
39,"38",0.000000000000000,"999","0","999",0.23745903655028,264.26689894845009
39,"38",0.000000000000000,"1000","0","1000",0.23771606942450,232.44498328941987
39,"38",0.000000000000000,"1001","0","1001",0.23781828465715,270.48750751185031
39,"38",0.000000000000000,"1002","0","1002",0.23791938246917,308.25731680455925
39,"38",0.000000000000000,"1003","0","1003",0.23817924398559,273.35902803873529
39,"38",0.000000000000000,"1004","0","1004",0.23848613934320,265.37715255510659
39,"38",0.000000000000000,"1005","0","1005",0.23878653011183,298.71041616837897
39,"38",0.000000000000000,"1006","0","1006",0.23911235996221,338.04356145429784
39,"38",0.000000000000000,"1007","0","1007",0.23941562168232,333.35630436802654
39,"38",0.000000000000000,"1008","0","1008",0.23950975975401,286.64127354442041
39,"38",0.000000000000000,"1009","0","1009",0.23981628225869,240.39833378652440
39,"38",0.000000000000000,"1010","0","1010",0.23982146390902,205.84739041411447
39,"38",0.000000000000000,"1011","0","1011",0.24012525159645,211.13236397795879
39,"38",0.000000000000000,"1012","0","1012",0.24043577199413,252.71057929590373
39,"38",0.000000000000000,"1013","0","1013",0.24073599602587,275.03627968505947
39,"38",0.000000000000000,"1014","0","1014",0.24103884045283,274.50234660818546
39,"38",0.000000000000000,"1015","0","1015",0.24133890044246,269.93467967574549
39,"38",0.000000000000000,"1016","0","1016",0.24163897489569,283.51786442714769
39,"38",0.000000000000000,"1017","0","1017",0.24192078443456,315.03014273227052
39,"38",0.000000000000000,"1018","0","1018",0.24203043176635,278.88968472865258
39,"38",0.000000000000000,"1019","0","1019",0.24216955072406,236.89243996273777
39,"38",0.000000000000000,"1020","0","1020",0.24238549842300,253.07703792488823
39,"38",0.000000000000000,"1021","0","1021",0.24269175320198,241.70018535290461
39,"38",0.000000000000000,"1022","0","1022",0.24291331166853,226.96947226976923
39,"38",0.000000000000000,"1023","0","1023",0.24310340795068,241.93383565952956
39,"38",0.000000000000000,"1024","0","1024",0.24341409460201,261.12560525838705
39,"38",0.000000000000000,"1025","0","1025",0.24371442247496,262.94224244102378
39,"38",0.000000000000000,"1026","0","1026",0.24402050123846,235.44620167085091
39,"38",0.000000000000000,"1027","0","1027",0.24404372147188,219.05176577964892
39,"38",0.000000000000000,"1028","0","1028",0.24444504493553,244.87807970623547
39,"38",0.000000000000000,"1029","0","1029",0.24463657142871,264.33874841881260
39,"38",0.000000000000000,"1030","0","1030",0.24474657134019,269.96717010026174
39,"38",0.000000000000000,"1031","0","1031",0.24485794572098,275.35891073977928
39,"38",0.000000000000000,"1032","0","1032",0.24504790430261,275.26544789641514
39,"38",0.000000000000000,"1033","0","1033",0.24534907473188,272.43328101663747
39,"38",0.000000000000000,"1034","0","1034",0.24564907631924,290.63807457416380
39,"38",0.000000000000000,"1035","0","1035",0.24603618447836,322.67951065224838
39,"38",0.000000000000000,"1036","0","1036",0.24605869719384,283.02089476555039
39,"38",0.000000000000000,"1037","0","1037",0.24609164116287,231.23597593163157
39,"38",0.000000000000000,"1038","0","1038",0.24644761058837,248.00492701575465
39,"38",0.000000000000000,"1039","0","1039",0.24674846407582,238.02075709598279
39,"38",0.000000000000000,"1040","0","1040",0.24680652539521,221.04293097134661
39,"38",0.000000000000000,"1041","0","1041",0.24715127677802,229.81458034251784
39,"38",0.000000000000000,"1042","0","1042",0.24728024411806,224.58868460276139
39,"38",0.000000000000000,"1043","0","1043",0.24758994844232,246.55406964965351
39,"38",0.000000000000000,"1044","0","1044",0.24789010192564,244.69103556534083
39,"38",0.000000000000000,"1045","0","1045",0.24798702290147,229.35635938942593
39,"38",0.000000000000000,"1046","0","1046",0.24826206033110,233.08151272127071
39,"38",0.000000000000000,"1047","0","1047",0.24849872076877,229.93482591748355
39,"38",0.000000000000000,"1048","0","1048",0.24866092240083,242.07405623078307
39,"38",0.000000000000000,"1049","0","1049",0.24898167130012,237.13923031451597
39,"38",0.000000000000000,"1050","0","1050",0.24911343849508,231.95072550209483
39,"38",0.000000000000000,"1051","0","1051",0.24935497920951,231.95072549977169
39,"38",0.000000000000000,"1052","0","1052",0.24960280798612,226.63324771036963
39,"38",0.000000000000000,"1053","0","1053",0.24976998889080,244.27878742647329
39,"38",0.000000000000000,"1054","0","1054",0.25007434816031,242.64553971378052
39,"38",0.000000000000000,"1055","0","1055",0.25026864017465,227.53257631499341
39,"38",0.000000000000000,"1056","0","1056",0.25048071650044,248.22961057571541
39,"38",0.000000000000000,"1057","0","1057",0.25078131161181,245.69703426001993
39,"38",0.000000000000000,"1058","0","1058",0.25098631489370,224.10048187599909
39,"38",0.000000000000000,"1059","0","1059",0.25121279749921,261.49244907162267
39,"38",0.000000000000000,"1060","0","1060",0.25154516296835,328.13124653595918
39,"38",0.000000000000000,"1061","0","1061",0.25173301769502,270.62109386282805
39,"38",0.000000000000000,"1062","0","1062",0.25192116764190,174.35141586399587
39,"38",0.000000000000000,"1063","0","1063",0.25197764533625,165.72504266734700
39,"38",0.000000000000000,"1064","0","1064",0.25222932757298,175.61133277408871
39,"38",0.000000000000000,"1065","0","1065",0.25252995819802,152.01882507647039
39,"38",0.000000000000000,"1066","0","1066",0.25283700716924,139.95262665017012
39,"38",0.000000000000000,"1067","0","1067",0.25299169386083,173.06029982952273
39,"38",0.000000000000000,"1068","0","1068",0.25329365960649,187.82220552240037
39,"38",0.000000000000000,"1069","0","1069",0.25341736814767,189.05354672730857
39,"38",0.000000000000000,"1070","0","1070",0.25359743657515,188.89860101792547
39,"38",0.000000000000000,"1071","0","1071",0.25390100463879,184.04369684709309
39,"38",0.000000000000000,"1072","0","1072",0.25420102740941,177.20965486593593
39,"38",0.000000000000000,"1073","0","1073",0.25450211650865,180.08631151376588
39,"38",0.000000000000000,"1074","0","1074",0.25480328436140,203.01184467923201
39,"38",0.000000000000000,"1075","0","1075",0.25515128173088,222.98814418771943
39,"38",0.000000000000000,"1076","0","1076",0.25520398747636,211.11177392130929
39,"38",0.000000000000000,"1077","0","1077",0.25551807204967,212.92888520436216
39,"38",0.000000000000000,"1078","0","1078",0.25574422718216,271.36779524541043
39,"38",0.000000000000000,"1079","0","1079",0.25595898690248,296.90330137448711
39,"38",0.000000000000000,"1080","0","1080",0.25610688253973,281.72829073576338
39,"38",0.000000000000000,"1081","0","1081",0.25641573534739,276.00800108131597
39,"38",0.000000000000000,"1082","0","1082",0.25671587299968,239.34695764013145
39,"38",0.000000000000000,"1083","0","1083",0.25681939241523,218.09461899781917
39,"38",0.000000000000000,"1084","0","1084",0.25716495632537,246.83777463061384
39,"38",0.000000000000000,"1085","0","1085",0.25746515496220,267.26609021877340
39,"38",0.000000000000000,"1086","0","1086",0.25776567878175,256.90333439551279
39,"38",0.000000000000000,"1087","0","1087",0.25784372610727,239.77203614531163
39,"38",0.000000000000000,"1088","0","1088",0.25813174882775,246.32953695087275
39,"38",0.000000000000000,"1089","0","1089",0.25843609539956,242.65253050307049
39,"38",0.000000000000000,"1090","0","1090",0.25853909054174,230.33047660308685
39,"38",0.000000000000000,"1091","0","1091",0.25881421173306,243.33757736707179
39,"38",0.000000000000000,"1092","0","1092",0.25913147087027,264.74775662533307
39,"38",0.000000000000000,"1093","0","1093",0.25943478793905,279.84983907558131
39,"38",0.000000000000000,"1094","0","1094",0.25974063174492,266.44232849890585
39,"38",0.000000000000000,"1095","0","1095",0.26005667385975,261.00477916900667
39,"38",0.000000000000000,"1096","0","1096",0.26035667924390,273.55707639222715
39,"38",0.000000000000000,"1097","0","1097",0.26065878627515,293.73020434823781
39,"38",0.000000000000000,"1098","0","1098",0.26099035102281,320.79026158285603
39,"38",0.000000000000000,"1099","0","1099",0.26109023300431,294.38937713161266
39,"38",0.000000000000000,"1100","0","1100",0.26139706353837,271.03649030300033
39,"38",0.000000000000000,"1101","0","1101",0.26170649865695,295.72655731237899
39,"38",0.000000000000000,"1102","0","1102",0.26203890416689,311.13394440701421
39,"38",0.000000000000000,"1103","0","1103",0.26208906261764,296.12293353536370
39,"38",0.000000000000000,"1104","0","1104",0.26239147768922,295.86587803959804
39,"38",0.000000000000000,"1105","0","1105",0.26271455309897,314.74294450558085
39,"38",0.000000000000000,"1106","0","1106",0.26281285586988,293.12916605143351
39,"38",0.000000000000000,"1107","0","1107",0.26311292823408,248.12916605716359
39,"38",0.000000000000000,"1108","0","1108",0.26322055020712,221.45023524021579
39,"38",0.000000000000000,"1109","0","1109",0.26358503467031,250.35455948402691
39,"38",0.000000000000000,"1110","0","1110",0.26389269040590,253.90432424262303
39,"38",0.000000000000000,"1111","0","1111",0.26400667446286,204.96687980930875
39,"38",0.000000000000000,"1112","0","1112",0.26430779015849,215.11081633626085
39,"38",0.000000000000000,"1113","0","1113",0.26452080177839,257.64393652442658
39,"38",0.000000000000000,"1114","0","1114",0.26467080177838,270.00000000000000
